[dotenv@17.3.1] injecting env (14) from .env.local -- tip: 🛡️ auth for agents: https://vestauth.com
[06:00:02 1/4/2026] 🚀 ===== BẮT ĐẦU MACRO PIPELINE =====
[06:00:02 1/4/2026] 📅 Thời gian chạy: 2026-03-31T23:00:02.671Z
[06:00:02 1/4/2026] 📡 Bước 1/1: Cào báo cáo Vĩ mô từ VietStock...
🚀 Bắt đầu quét Báo cáo Vĩ mô & Ngành (3 tháng gần đây)...

--- Đang quét Trang 1 ---
[06:00:02 1/4/2026] ✅ Pipeline hoàn tất thành công!
[06:00:02 1/4/2026] 🏁 ===== KẾT THÚC MACRO PIPELINE =====

-> Tìm thấy: [SSI]_30-3-2026 - Phân tích Ngành_Báo cáo ngành xuất khẩu Thủy sản _ Dệt may_ Tái cấu trúc dòng chảy thương mại trước.pdf
   ✅ Tải thành công!
-> Tìm thấy: [MBS]_30-3-2026 - Báo cáo Chuyên đề_Báo cáo Chuyên đề_ Dự báo lợi nhuận Q1_2026 _ Tăng trưởng cao nhưng phân hóa.pdf
   ✅ Tải thành công!
-> Tìm thấy: [MBS]_30-3-2026 - Phân tích Ngành_Báo cáo ngành Thép_ Giá thép phục hồi trở thành động lực tăng trưởng.pdf
   ✅ Tải thành công!
-> Tìm thấy: [MBS]_30-3-2026 - Phân tích Ngành_Báo cáo ngành Ngân hàng_  Lợi nhuận toàn ngành trong Q1_26 dự báo tăng trưởng 20_ sv.pdf
   ✅ Tải thành công!
-> Tìm thấy: [Vietcap]_30-3-2026 - Vĩ mô _ Chiến lược thị trường_Báo cáo Vĩ mô_ Diễn biến phân hóa của các nhóm ngành trong bối cảnh xu.pdf
   ✅ Tải thành công!
-> Tìm thấy: [Vietcap]_30-3-2026 - Vĩ mô _ Chiến lược thị trường_Báo cáo Vĩ mô_ Gián đoạn tại eo biển Hormuz và tác động đến CPI.pdf
   ✅ Tải thành công!

--- Đang quét Trang 2 ---
-> Tìm thấy: [VDS]_27-3-2026 - Phân tích Ngành_Báo cáo ngành Thủy sản_ Phân hóa giữa các doanh nghiệp.pdf
   ✅ Tải thành công!
-> Tìm thấy: [Vietstock]_27-3-2026 - Vietstock_ Nghiên cứu _ Phân tích_Vietstock Weekly_ Tuần 30_03_03_04_2026.pdf
   ✅ Tải thành công!
-> Tìm thấy: [Vietstock]_27-3-2026 - Vietstock_ Nghiên cứu _ Phân tích_Technical View_ Tuần 30_03_03_04_2026.pdf
   ✅ Tải thành công!
-> Tìm thấy: [BSC]_26-3-2026 - Vĩ mô _ Chiến lược thị trường_Báo cáo Vĩ mô_ Tháng 03_2026 _ Thị trường trong bối cảnh căng thẳng le.pdf
   ✅ Tải thành công!
-> Tìm thấy: [BSC]_26-3-2026 - Vĩ mô _ Chiến lược thị trường_Báo cáo Chiến lược_ T3_2026.pdf
   ✅ Tải thành công!
-> Tìm thấy: [VCBS]_26-3-2026 - Báo cáo Chuyên đề_Báo cáo Chuyên đề_ Tổng hợp dự báo KQKD Q1_2026 và cả năm 2026.pdf
   ✅ Tải thành công!

--- Đang quét Trang 3 ---
-> File đã có sẵn, bỏ qua: [BSC]_26-3-2026 - Vĩ mô _ Chiến lược thị trường_Báo cáo Vĩ mô_ Tháng 03_2026 _ Thị trường trong bối cảnh căng thẳng le.pdf
-> File đã có sẵn, bỏ qua: [BSC]_26-3-2026 - Vĩ mô _ Chiến lược thị trường_Báo cáo Chiến lược_ T3_2026.pdf
-> Tìm thấy: [KBSV]_25-3-2026 - Báo cáo Chuyên đề_Báo cáo Chuyên đề_ Update diễn biến xung đột Iran.pdf
   ✅ Tải thành công!
-> Tìm thấy: [MAS]_25-3-2026 - Phân tích Ngành_Báo cáo ngành Xây lắp _ Đầu tư công_ Ổn định song hành tăng trưởng.pdf
   ✅ Tải thành công!

--- Đang quét Trang 4 ---
-> File đã có sẵn, bỏ qua: [MAS]_25-3-2026 - Phân tích Ngành_Báo cáo ngành Xây lắp _ Đầu tư công_ Ổn định song hành tăng trưởng.pdf
-> Tìm thấy: [SSV]_24-3-2026 - Báo cáo Chuyên đề_Báo cáo Chuyên đề_ Danh mục đầu tư tăng trưởng Q1_2026.pdf
   ✅ Tải thành công!
-> Tìm thấy: [SHS]_24-3-2026 - Phân tích Ngành_Báo cáo ngành Dầu khí_ Tháng 03_2026.pdf
   ✅ Tải thành công!

--- Đang quét Trang 5 ---
-> Tìm thấy: [SSI]_23-3-2026 - Phân tích Ngành_Báo cáo ngành Điện_ Bước ngoặt chu kỳ 5 năm.pdf
   ✅ Tải thành công!
-> Tìm thấy: [SHS]_23-3-2026 - Phân tích Ngành_Báo cáo ngành Phân bón_ Tháng 03_2026.pdf
   ✅ Tải thành công!

--- Đang quét Trang 6 ---
-> File đã có sẵn, bỏ qua: [SSI]_23-3-2026 - Phân tích Ngành_Báo cáo ngành Điện_ Bước ngoặt chu kỳ 5 năm.pdf
-> Tìm thấy: [Vietstock]_20-3-2026 - Vietstock_ Nghiên cứu _ Phân tích_Vietstock Weekly_ Tuần 23_27_03_2026.pdf
   ✅ Tải thành công!
-> Tìm thấy: [Vietstock]_20-3-2026 - Vietstock_ Nghiên cứu _ Phân tích_Technical View_ Tuần 23_27_03_2026.pdf
   ✅ Tải thành công!
-> Tìm thấy: [MAS]_20-3-2026 - Báo cáo Chuyên đề_Báo cáo Chuyên đề_ Đánh giá tác động sơ bộ các thay đổi tại thời điểm chuyển đổi V.pdf
   ✅ Tải thành công!

--- Đang quét Trang 7 ---
-> Tìm thấy: [TPS]_20-3-2026 - Vĩ mô _ Chiến lược thị trường_Báo cáo Vĩ mô_ Tháng 3_2026.pdf
   ✅ Tải thành công!
-> File đã có sẵn, bỏ qua: [Vietstock]_20-3-2026 - Vietstock_ Nghiên cứu _ Phân tích_Vietstock Weekly_ Tuần 23_27_03_2026.pdf
-> File đã có sẵn, bỏ qua: [Vietstock]_20-3-2026 - Vietstock_ Nghiên cứu _ Phân tích_Technical View_ Tuần 23_27_03_2026.pdf
-> Tìm thấy: [SSV]_18-3-2026 - Vĩ mô _ Chiến lược thị trường_Báo cáo Vĩ mô_ Lãi suất và Lạm phát có xu hướng tăng.pdf
   ✅ Tải thành công!

--- Đang quét Trang 8 ---
-> Tìm thấy: [MBS]_18-3-2026 - Vĩ mô _ Chiến lược thị trường_Báo cáo Vĩ mô_ Tháng 3_2026 _ Thách thức từ bất ổn khu vực Trung Đông.pdf
   ✅ Tải thành công!
-> Tìm thấy: [YSVN]_18-3-2026 - Phân tích Ngành_Báo cáo ngành Năng lượng_ Nhiệt điện gặp thách thức _ Thời điểm để chuyển sang năng.pdf
   ✅ Tải thành công!
-> Tìm thấy: [ACBS]_18-3-2026 - Phân tích Ngành_Báo cáo ngành Phân bón _ Hóa chất_ Chiến sự Trung Đông đẩy mạnh giá phân bón.pdf
   ✅ Tải thành công!
-> File đã có sẵn, bỏ qua: [SSV]_18-3-2026 - Vĩ mô _ Chiến lược thị trường_Báo cáo Vĩ mô_ Lãi suất và Lạm phát có xu hướng tăng.pdf

--- Đang quét Trang 9 ---
-> Tìm thấy: [MBS]_17-3-2026 - Phân tích Ngành_Báo cáo ngành Xây dựng_ Đi_nh gia_ hâ_p dâ_n cho mô_t năm đâ_u tư công bư_t tô_c.pdf
   ✅ Tải thành công!
-> Tìm thấy: [Techcombank]_17-3-2026 - Vĩ mô _ Chiến lược thị trường_Báo cáo Vĩ mô_ Rủi ro tăng cao _ Chậm lại để nhìn rõ hơn.pdf
   ✅ Tải thành công!
-> Tìm thấy: [MAS]_17-3-2026 - Phân tích Ngành_Báo cáo ngành Thủy sản _ Cá tra_ Bước ngoặt mới của ngành.pdf
   ✅ Tải thành công!
-> Tìm thấy: [ACBS]_17-3-2026 - Vĩ mô _ Chiến lược thị trường_Báo cáo Chiến lược_ Tháng 03_2026 _ Kiên định với mục tiêu tăng trưởng.pdf
   ✅ Tải thành công!
-> Tìm thấy: [VNDS]_17-3-2026 - Vĩ mô _ Chiến lược thị trường_Báo cáo Vĩ mô_ Tháng 3_2026 _ Rủi ro lạm phát leo thang trước xung đột.pdf
   ✅ Tải thành công!

--- Đang quét Trang 10 ---
-> Tìm thấy: [OCBS]_13-3-2026 - Vĩ mô _ Chiến lược thị trường_Báo cáo Vĩ mô_ Tháng 03_2026.pdf
   ✅ Tải thành công!

--- Đang quét Trang 11 ---
-> Tìm thấy: [SSV]_13-3-2026 - Báo cáo Chuyên đề_Báo cáo Chuyên đề_ Danh mục cổ phiếu tỷ suất cổ tức cao Q1_2026.pdf
   ✅ Tải thành công!
-> Tìm thấy: [MAS]_13-3-2026 - Báo cáo Chuyên đề_Báo cáo Chuyên đề_ Đánh giá tác động sơ bộ các thay đổi tại thời điểm chuyển đổi V.pdf
   ✅ Tải thành công!
-> Tìm thấy: [CSI]_13-3-2026 - Vĩ mô _ Chiến lược thị trường_Báo cáo Vĩ mô_ Những điểm nhấn Kinh tế Vĩ mô trong tháng 2_2026.pdf
   ✅ Tải thành công!
-> Tìm thấy: [YSVN]_13-3-2026 - Vĩ mô _ Chiến lược thị trường_Báo cáo Vĩ mô_ Xu hướng kinh tế ổn định dù còn nhiều áp lực từ biến độ.pdf
   ✅ Tải thành công!
-> Tìm thấy: [BSC]_13-3-2026 - Vĩ mô _ Chiến lược thị trường_Báo cáo Vĩ mô_ Căng thẳng Hoa Kỳ_ Israel _ Iran.pdf
   ✅ Tải thành công!
-> Tìm thấy: [Vietcap]_13-3-2026 - Vĩ mô _ Chiến lược thị trường_Báo cáo Vĩ mô_ Tháng 02_2026 _ Tết Nguyên đán thúc đẩy lạm phát tăng t.pdf
   ✅ Tải thành công!
-> Tìm thấy: [VDS]_13-3-2026 - Vĩ mô _ Chiến lược thị trường_Báo cáo Vĩ mô_ Tháng 02_2026 _ Thừa thuận khai lực_ ứng biến cầu tân.pdf
   ✅ Tải thành công!
-> Tìm thấy: [Vietstock]_13-3-2026 - Vietstock_ Nghiên cứu _ Phân tích_Vietstock Weekly_ Tuần 16_20_03_2026.pdf
   ✅ Tải thành công!
-> Tìm thấy: [Vietstock]_13-3-2026 - Vietstock_ Nghiên cứu _ Phân tích_Technical View_ Tuần 16_20_03_2026.pdf
   ✅ Tải thành công!
-> Tìm thấy: [VNDS]_13-3-2026 - Vĩ mô _ Chiến lược thị trường_Báo cáo Thị trường Trái phiếu_ Rủi ro tỷ giá tăng trước xung đột Mỹ _.pdf
   ✅ Tải thành công!

--- Đang quét Trang 12 ---
-> Tìm thấy: [PHS]_12-3-2026 - Vĩ mô _ Chiến lược thị trường_Báo cáo Chiến lược_ Tháng 03_2026 _ Giữa tâm bão địa chính trị.pdf
   ✅ Tải thành công!
-> Tìm thấy: [BVS]_12-3-2026 - Vĩ mô _ Chiến lược thị trường_Báo cáo Vĩ mô_ Tháng 02_2026.pdf
   ✅ Tải thành công!
-> Tìm thấy: [Vietinbank Securities]_12-3-2026 - Vĩ mô _ Chiến lược thị trường_Báo cáo Vĩ mô_ Tháng 03_2026.pdf
   ✅ Tải thành công!
-> Tìm thấy: [KAFI]_12-3-2026 - Vĩ mô _ Chiến lược thị trường_Báo cáo Vĩ mô_ Tháng 2_2026 _ _Vết nứt_ nếu chiến sự kéo dài.pdf
   ✅ Tải thành công!
-> Tìm thấy: [KAFI]_12-3-2026 - Phân tích Ngành_Báo cáo ngành Thép_ Mỹ áp thuế chống bán phá giá sơ bộ hơn 130_ với thép cốt bê tông.pdf
   ✅ Tải thành công!
-> Tìm thấy: [KAFI]_12-3-2026 - Báo cáo Chuyên đề_Báo cáo Chuyên đề_ Tháng 3_2026 _ Chiến sự Trung Đông.pdf
   ✅ Tải thành công!
-> Tìm thấy: [ASEAN SECURITIES]_12-3-2026 - Vĩ mô _ Chiến lược thị trường_Báo cáo Chiến lược_ Tháng 3_2026 _ Cơ hội tích lũy danh mục dài hạn.pdf
   ✅ Tải thành công!
-> Tìm thấy: [BSC]_11-3-2026 - Báo cáo Chuyên đề_Báo cáo Chuyên đề_ Căng thẳng Hoa Kỳ _ Israel và Iran.pdf
   ✅ Tải thành công!

--- Đang quét Trang 13 ---
-> Tìm thấy: [MAS]_11-3-2026 - Vĩ mô _ Chiến lược thị trường_Báo cáo Vĩ mô_ Cập nhật tiến độ nâng hạng Thị trường Chứng khoán.pdf
   ✅ Tải thành công!
-> Tìm thấy: [MAS]_11-3-2026 - Vĩ mô _ Chiến lược thị trường_Báo cáo Vĩ mô_ Kiến tạo động lực tăng trưởng trong bối cảnh rủi ro bên.pdf
   ✅ Tải thành công!
-> Tìm thấy: [MAS]_11-3-2026 - Vĩ mô _ Chiến lược thị trường_Báo cáo Chiến lược_ Điều hướng trong vùng nhiễu động.pdf
   ✅ Tải thành công!
-> Tìm thấy: [MAS]_11-3-2026 - Báo cáo Chuyên đề_Báo cáo Chuyên đề_ Danh mục cổ phiếu tỷ suất cổ tức cao.pdf
   ✅ Tải thành công!
-> File đã có sẵn, bỏ qua: [BSC]_11-3-2026 - Báo cáo Chuyên đề_Báo cáo Chuyên đề_ Căng thẳng Hoa Kỳ _ Israel và Iran.pdf
-> Tìm thấy: [KIS]_11-3-2026 - Phân tích Ngành_Báo cáo ngành Điện_ Nhiệt điện bước vào chu kỳ.pdf
   ✅ Tải thành công!

--- Đang quét Trang 14 ---
-> File đã có sẵn, bỏ qua: [AGRISECO]_10-3-2026 - Vĩ mô _ Chiến lược thị trường_Báo cáo Vĩ mô_ Cập nhật Kinh tế Vĩ mô 2 tháng đầu năm 2026.pdf
-> File đã có sẵn, bỏ qua: [VDS]_10-3-2026 - Phân tích Ngành_Báo cáo ngành Phân bón_ Biến động bất ngờ trong ngắn hạn.pdf
-> Tìm thấy: [Vietcap]_10-3-2026 - Vĩ mô _ Chiến lược thị trường_Báo cáo Trái phiếu tiền tệ_ Lãi suất liên ngân hàng tăng mạnh trước kỳ.pdf
   ✅ Tải thành công!
-> Tìm thấy: [NSI]_10-3-2026 - Vĩ mô _ Chiến lược thị trường_Báo cáo Vĩ mô_ Tháng 02_2026.pdf
   ✅ Tải thành công!
-> Tìm thấy: [VPX]_10-3-2026 - Báo cáo Chuyên đề_Báo cáo Chuyên đề_ Báo cáo Đầu tư đa kênh Tài sản _ Tháng 2_2026.pdf
   ✅ Tải thành công!
-> Tìm thấy: [ABS]_10-3-2026 - Vĩ mô _ Chiến lược thị trường_Báo cáo Chiến lược_ Tháng 3_2026 _ Kiên nhẫn chờ đợi.pdf
   ✅ Tải thành công!

--- Đang quét Trang 15 ---
-> File đã có sẵn, bỏ qua: [VDS]_10-3-2026 - Phân tích Ngành_Báo cáo ngành Phân bón_ Biến động bất ngờ trong ngắn hạn.pdf
-> File đã có sẵn, bỏ qua: [Vietcap]_10-3-2026 - Vĩ mô _ Chiến lược thị trường_Báo cáo Trái phiếu tiền tệ_ Lãi suất liên ngân hàng tăng mạnh trước kỳ.pdf
-> Tìm thấy: [KBSV]_9-3-2026 - Báo cáo Chuyên đề_Báo cáo Chuyên đề_ Kịch bản cuộc chiến Mỹ_ Israel _ Iran và diễn biến VNINDEX.pdf
   ✅ Tải thành công!
-> File đã có sẵn, bỏ qua: [VBMA]_9-3-2026 - Vĩ mô _ Chiến lược thị trường_Báo cáo Thị trường Trái phiếu_ Tháng 02_2026.pdf
-> File đã có sẵn, bỏ qua: [VIS Rating]_9-3-2026 - Báo cáo Chuyên đề_Báo cáo Chuyên đề_ Các cuộc tấn công của Mỹ và Israel vào Iran gia tăng áp lực đối.pdf
-> Tìm thấy: [NSI]_9-3-2026 - Phân tích Ngành_Báo cáo ngành Dầu khí_ Quý 4_2025.pdf
   ✅ Tải thành công!
-> Tìm thấy: [PHS]_9-3-2026 - Báo cáo Chuyên đề_Báo cáo Chuyên đề_ Chiến sự Trung Đông dưới góc nhìn từ _Lý thuyết trò chơi_.pdf
   ✅ Tải thành công!

--- Đang quét Trang 16 ---
-> File đã có sẵn, bỏ qua: [KBSV]_9-3-2026 - Báo cáo Chuyên đề_Báo cáo Chuyên đề_ Kịch bản cuộc chiến Mỹ_ Israel _ Iran và diễn biến VNINDEX.pdf
-> File đã có sẵn, bỏ qua: [DSC]_9-3-2026 - Vĩ mô _ Chiến lược thị trường_Báo cáo Vĩ mô_ Tháng 2_2026 _ Phòng bị trước ảnh hưởng của xung đột.pdf
-> File đã có sẵn, bỏ qua: [ACBS]_9-3-2026 - Vĩ mô _ Chiến lược thị trường_Báo cáo Vĩ mô_ Tháng 02_2026 _ Tiêu dùng giảm tốc_ sản xuất thăng hoa.pdf
-> File đã có sẵn, bỏ qua: [SHS]_6-3-2026 - Vĩ mô _ Chiến lược thị trường_Báo cáo Chiến lược_ Tháng 03_2026.pdf
-> File đã có sẵn, bỏ qua: [SSV]_6-3-2026 - Báo cáo Chuyên đề_Báo cáo Chuyên đề_ Tác động của chiến sự Mỹ_Israel và Iran.pdf
-> File đã có sẵn, bỏ qua: [Vietstock]_6-3-2026 - Vietstock_ Nghiên cứu _ Phân tích_Vietstock Weekly_ Tuần 09_13_03_2026.pdf
-> File đã có sẵn, bỏ qua: [Vietstock]_6-3-2026 - Vietstock_ Nghiên cứu _ Phân tích_Technical View_ Tuần 09_13_03_2026.pdf
-> File đã có sẵn, bỏ qua: [TPS]_6-3-2026 - Vĩ mô _ Chiến lược thị trường_Báo cáo Chiến lược_ Khi con sóng lớn chưa đến_ dòng chảy vẫn âm thầm.pdf
-> File đã có sẵn, bỏ qua: [VNDS]_6-3-2026 - Vĩ mô _ Chiến lược thị trường_Báo cáo Chiến lược_ La bàn đầu tư Tháng 3_2026 _ Giằng co giữa rủi ro.pdf
-> File đã có sẵn, bỏ qua: [SHS]_5-3-2026 - Vĩ mô _ Chiến lược thị trường_Báo cáo Thị trường Tiền tệ_ Tháng 03_26.pdf

--- Đang quét Trang 17 ---
-> File đã có sẵn, bỏ qua: [SHS]_5-3-2026 - Vĩ mô _ Chiến lược thị trường_Báo cáo Thị trường Tiền tệ_ Tháng 03_26.pdf
-> File đã có sẵn, bỏ qua: [Vietcap]_4-3-2026 - Vĩ mô _ Chiến lược thị trường_Báo cáo Chiến lược_ Nhà đầu tư phòng thủ trước bất ổn địa chính trị.pdf

--- Đang quét Trang 18 ---
-> File đã có sẵn, bỏ qua: [Vietcap]_4-3-2026 - Vĩ mô _ Chiến lược thị trường_Báo cáo Chiến lược_ Nhà đầu tư phòng thủ trước bất ổn địa chính trị.pdf
-> File đã có sẵn, bỏ qua: [VCBS]_3-3-2026 - Báo cáo Chuyên đề_Báo cáo Chuyên đề_ Đánh giá sự kiện xung đột Mỹ _ Israel và Iran.pdf
-> File đã có sẵn, bỏ qua: [Vietcap]_3-3-2026 - Vĩ mô _ Chiến lược thị trường_Báo cáo Thị trường_ Tháng 2_2026 _ VNIndex tăng điểm trong tháng thứ 4.pdf
-> File đã có sẵn, bỏ qua: [Vietcap]_3-3-2026 - Phân tích Ngành_Báo cáo ngành Cảng biển_ Bối cảnh ngành cảng nội địa hỗ trợ triển vọng tích cực cho.pdf

--- Đang quét Trang 19 ---
-> File đã có sẵn, bỏ qua: [ACBS]_3-3-2026 - Báo cáo Chuyên đề_Báo cáo ETF_ Dự báo danh mục quỹ VanEck Vietnam _ Xtrackers Vietnam Swap.pdf
-> File đã có sẵn, bỏ qua: [OCBS]_3-3-2026 - Báo cáo Chuyên đề_Báo cáo Chuyên đề_ Tác động của xung đột Mỹ _ Israel _ Iran.pdf
-> Tìm thấy: [NSI]_3-3-2026 - Phân tích Ngành_Báo cáo ngành BĐS Khu công nghiệp_ Quý 4_2025.pdf
   ✅ Tải thành công!
-> File đã có sẵn, bỏ qua: [KAFI]_3-3-2026 - Báo cáo Chuyên đề_Báo cáo Chuyên đề_ Tổng quan KQKD Q4_2025 _ Bứt tốc về đích.pdf
-> Tìm thấy: [KBSV]_2-3-2026 - Báo cáo Chuyên đề_Báo cáo Chuyên đề_ Quy định mới của EU đối với các sản phẩm nhập khẩu.pdf
   ✅ Tải thành công!
-> Tìm thấy: [KBSV]_2-3-2026 - Báo cáo Chuyên đề_Báo cáo Chuyên đề_ Tóm tắt nhanh và đánh giá Xung đột Iran_Mỹ.pdf
   ✅ Tải thành công!
-> File đã có sẵn, bỏ qua: [MBS]_2-3-2026 - Vĩ mô _ Chiến lược thị trường_Báo cáo Thị trường Trái phiếu_ Thị trường TPDN trầm lắng trong tháng đ.pdf

--- Đang quét Trang 20 ---
-> File đã có sẵn, bỏ qua: [VNDS]_2-3-2026 - Báo cáo Chuyên đề_Báo cáo Sự kiện_ Xung đột Mỹ _ Iran.pdf
-> File đã có sẵn, bỏ qua: [MBS]_2-3-2026 - Vĩ mô _ Chiến lược thị trường_Báo cáo Thị trường Trái phiếu_ Thị trường TPDN trầm lắng trong tháng đ.pdf
-> File đã có sẵn, bỏ qua: [Vietcap]_2-3-2026 - Vĩ mô _ Chiến lược thị trường_Báo cáo Vĩ mô_ Thị trường lao động khởi sắc khi tăng trưởng kinh tế tă.pdf
-> File đã có sẵn, bỏ qua: [Vietcap]_28-2-2026 - Phân tích Ngành_Báo cáo ngành Sản xuất Phân bón_ Chi phí khí thấp hơn thúc đẩy tăng trưởng năm 2026.pdf

--- Đang quét Trang 21 ---
-> File đã có sẵn, bỏ qua: [Vietstock]_27-2-2026 - Vietstock_ Nghiên cứu _ Phân tích_Vietstock Weekly_ Tuần 02_06_03_2026.pdf
-> File đã có sẵn, bỏ qua: [Vietstock]_27-2-2026 - Vietstock_ Nghiên cứu _ Phân tích_Technical View_ Tuần 02_06_03_2026.pdf
-> File đã có sẵn, bỏ qua: [VNDS]_27-2-2026 - Báo cáo Chuyên đề_Báo cáo Chuyên đề_ Mô hình khu thương mại tự do.pdf

--- Đang quét Trang 22 ---
-> File đã có sẵn, bỏ qua: [MAS]_26-2-2026 - Báo cáo Chuyên đề_Báo cáo Chuyên đề_ Danh mục chọn lọc cổ phiếu theo KQKD Q4_2025.pdf
-> File đã có sẵn, bỏ qua: [VNDS]_26-2-2026 - Báo cáo Chuyên đề_Báo cáo Chuyên đề_ Đánh giá KQKD Quý 4_2025.pdf
-> Tìm thấy: [NSI]_25-2-2026 - Phân tích Ngành_Báo cáo ngành Chứng khoán_ Quý 4_2025.pdf
   ✅ Tải thành công!
-> File đã có sẵn, bỏ qua: [AGRISECO]_25-2-2026 - Vĩ mô _ Chiến lược thị trường_Báo cáo Vĩ mô_ Cập nhật Tháng 1_2026.pdf

--- Đang quét Trang 23 ---
-> File đã có sẵn, bỏ qua: [AGRISECO]_25-2-2026 - Vĩ mô _ Chiến lược thị trường_Báo cáo Vĩ mô_ Cập nhật Tháng 1_2026.pdf
-> File đã có sẵn, bỏ qua: [NSI]_25-2-2026 - Phân tích Ngành_Báo cáo ngành Chứng khoán_ Quý 4_2025.pdf
-> File đã có sẵn, bỏ qua: [VNDS]_24-2-2026 - Vĩ mô _ Chiến lược thị trường_Báo cáo Vĩ mô_ Sản xuất và đầu tư đầu năm giữ vững đà tăng.pdf

--- Đang quét Trang 24 ---
-> Tìm thấy: [KBSV]_23-2-2026 - Báo cáo Chuyên đề_Báo cáo Chuyên đề_ Tòa án Tối cao Mỹ bác bỏ Thuế đối ứng.pdf
   ✅ Tải thành công!
-> File đã có sẵn, bỏ qua: [ACBS]_23-2-2026 - Báo cáo Chuyên đề_Báo cáo Chuyên đề_ Thuế đối ứng của chính quyền Trump bị phán quyết vô hiệu.pdf
-> File đã có sẵn, bỏ qua: [Techcombank]_14-2-2026 - Vĩ mô _ Chiến lược thị trường_Báo cáo Vĩ mô_ Bất định kéo dài _ Tăng trưởng thích nghi.pdf
-> File đã có sẵn, bỏ qua: [CSI]_13-2-2026 - Vĩ mô _ Chiến lược thị trường_Báo cáo Vĩ mô_ Tháng 1_2026.pdf
-> Tìm thấy: [YSVN]_13-2-2026 - Vĩ mô _ Chiến lược thị trường_Báo cáo Vĩ mô_ Tháng 1 khả quan nhưng còn nhiều áp lực.pdf
   ✅ Tải thành công!
-> Tìm thấy: [KIS]_13-2-2026 - Phân tích Ngành_Báo cáo ngành Ngân hàng_ Đạt kế hoạch.pdf
   ✅ Tải thành công!

--- Đang quét Trang 25 ---
-> Tìm thấy: [FPTS]_13-2-2026 - Báo cáo Chuyên đề_Báo cáo Chuyên đề_ Ý tưởng và Rủi ro Đầu tư năm 2026.pdf
   ✅ Tải thành công!
-> Tìm thấy: [FPTS]_13-2-2026 - Vĩ mô _ Chiến lược thị trường_Báo cáo Chiến lược_ Đầu tư dựa trên yếu tố Động lượng ngành.pdf
   ✅ Tải thành công!
-> Tìm thấy: [BSC]_13-2-2026 - Vĩ mô _ Chiến lược thị trường_Báo cáo Vĩ mô_ Thí điểm sàn giao dịch carbon.pdf
   ✅ Tải thành công!
-> Tìm thấy: [Vietcap]_13-2-2026 - Vĩ mô _ Chiến lược thị trường_Báo cáo Vĩ mô_ Dữ liệu khởi sắc trong tháng đầu năm.pdf
   ✅ Tải thành công!
-> File đã có sẵn, bỏ qua: [Vietstock]_13-2-2026 - Vietstock_ Nghiên cứu _ Phân tích_Vietstock Weekly_ Tuần 23_27_02_2026.pdf
-> File đã có sẵn, bỏ qua: [Vietstock]_13-2-2026 - Vietstock_ Nghiên cứu _ Phân tích_Technical View_ Tuần 23_27_02_2026.pdf
-> File đã có sẵn, bỏ qua: [CSI]_13-2-2026 - Vĩ mô _ Chiến lược thị trường_Báo cáo Vĩ mô_ Tháng 1_2026.pdf
-> File đã có sẵn, bỏ qua: [YSVN]_13-2-2026 - Vĩ mô _ Chiến lược thị trường_Báo cáo Vĩ mô_ Tháng 1 khả quan nhưng còn nhiều áp lực.pdf

--- Đang quét Trang 26 ---
-> Tìm thấy: [VCBS]_12-2-2026 - Phân tích Ngành_Báo cáo ngành Bất động sản Nhà ở_ Sàng lọc trong chu kỳ mới.pdf
   ✅ Tải thành công!
-> File đã có sẵn, bỏ qua: [SSI]_12-2-2026 - Phân tích Ngành_Báo cáo ngành Ngân hàng_ Khép lại một năm nhiều dấu ấn.pdf
-> File đã có sẵn, bỏ qua: [VDS]_12-2-2026 - Phân tích Ngành_Báo cáo ngành Logistics_ Mở rộng công suất _  Đón đầu tăng trưởng.pdf

--- Đang quét Trang 27 ---
-> File đã có sẵn, bỏ qua: [VDS]_12-2-2026 - Phân tích Ngành_Báo cáo ngành Logistics_ Mở rộng công suất _  Đón đầu tăng trưởng.pdf
-> File đã có sẵn, bỏ qua: [VNDS]_12-2-2026 - Báo cáo Chuyên đề_Báo cáo Chuyên đề_ Các ETF Việt Nam hút ròng trong T1_2026.pdf
-> File đã có sẵn, bỏ qua: [KAFI]_12-2-2026 - Vĩ mô _ Chiến lược thị trường_Báo cáo Vĩ mô_ Bứt phá vì yếu tố mùa vụ Tết.pdf
-> File đã có sẵn, bỏ qua: [VCBS]_11-2-2026 - Vĩ mô _ Chiến lược thị trường_Báo cáo Vĩ mô_ Tháng 01_2026.pdf
-> File đã có sẵn, bỏ qua: [VDS]_11-2-2026 - Phân tích Ngành_Báo cáo ngành Điện _ Tiện ích công cộng_ Từ lời nói đến hành động.pdf
-> File đã có sẵn, bỏ qua: [VDS]_11-2-2026 - Vĩ mô _ Chiến lược thị trường_Báo cáo Vĩ mô_ Đà phục hồi vượt hiệu ứng mùa vụ.pdf

--- Đang quét Trang 28 ---
-> File đã có sẵn, bỏ qua: [ACBS]_11-2-2026 - Vĩ mô _ Chiến lược thị trường_Báo cáo Vĩ mô_ Từng bước tạo đà trước thềm năm mới.pdf
-> Tìm thấy: [VPX]_11-2-2026 - Báo cáo Chuyên đề_Báo cáo Đầu tư đa kênh Tài sản_ Tháng 1_2026.pdf
   ✅ Tải thành công!
-> Tìm thấy: [SSV]_11-2-2026 - Vĩ mô _ Chiến lược thị trường_Báo cáo Vĩ mô_ Chuẩn bị đón Tết Nguyên Đán.pdf
   ✅ Tải thành công!

--- Đang quét Trang 29 ---
-> File đã có sẵn, bỏ qua: [ABS]_10-2-2026 - Vĩ mô _ Chiến lược thị trường_Báo cáo Chiến lược_ Tết đến xuân về.pdf
-> File đã có sẵn, bỏ qua: [VNDS]_10-2-2026 - Vĩ mô _ Chiến lược thị trường_Báo cáo Trái phiếu _ Tiền tệ_ Lãi suất tăng mạnh_ NHNN bơm ròng kỷ lục.pdf
-> File đã có sẵn, bỏ qua: [NSI]_10-2-2026 - Vĩ mô _ Chiến lược thị trường_Báo cáo Vĩ mô_ Tháng 1_2026.pdf
-> File đã có sẵn, bỏ qua: [MBS]_9-2-2026 - Báo cáo Chuyên đề_Báo cáo Chuyên đề_ Nghị định 20 _ Nghị quyết về kinh tế vốn đầu tư nước ngoài.pdf
-> File đã có sẵn, bỏ qua: [Vietcap]_9-2-2026 - Phân tích Ngành_Báo cáo ngành Bất động sản Nhà ở_ Triển vọng tăng trưởng giao dịch BĐS sơ cấp duy tr.pdf

--- Đang quét Trang 30 ---
-> File đã có sẵn, bỏ qua: [MBS]_9-2-2026 - Báo cáo Chuyên đề_Báo cáo Chuyên đề_ Nghị định 20 _ Nghị quyết về kinh tế vốn đầu tư nước ngoài.pdf
-> File đã có sẵn, bỏ qua: [Vietcap]_9-2-2026 - Phân tích Ngành_Báo cáo ngành Bất động sản Nhà ở_ Triển vọng tăng trưởng giao dịch BĐS sơ cấp duy tr.pdf
-> File đã có sẵn, bỏ qua: [VBMA]_9-2-2026 - Vĩ mô _ Chiến lược thị trường_Báo cáo Thị trường Trái phiếu_ Tháng 1_2026.pdf

--- Đang quét Trang 31 ---
-> File đã có sẵn, bỏ qua: [ACBS]_6-2-2026 - Phân tích Ngành_Báo cáo ngành Bán lẻ_ Điểm sáng Bán lẻ hiện đại trong bối cảnh tiêu dùng thận trọng.pdf
-> File đã có sẵn, bỏ qua: [Vietstock]_6-2-2026 - Vietstock_ Nghiên cứu _ Phân tích_Vietstock Weekly_ Tuần 09_13_02_2026.pdf
-> File đã có sẵn, bỏ qua: [Vietstock]_6-2-2026 - Vietstock_ Nghiên cứu _ Phân tích_Technical View_ Tuần 09_13_02_2026.pdf

--- Đang quét Trang 32 ---
-> File đã có sẵn, bỏ qua: [SHS]_6-2-2026 - Vĩ mô _ Chiến lược thị trường_Báo cáo Chiến lược_ Tháng 02_2026.pdf
-> File đã có sẵn, bỏ qua: [SHS]_6-2-2026 - Vĩ mô _ Chiến lược thị trường_Báo cáo Thị trường Tiền tệ _ Trái phiếu_ Tháng 02_2026.pdf
-> File đã có sẵn, bỏ qua: [VDS]_6-2-2026 - Báo cáo Chuyên đề_Báo cáo Chuyên đề_ Chọn cổ phiếu từ chu kỳ _ Theo dấu Tăng trưởng và Lợi nhuận.pdf
-> File đã có sẵn, bỏ qua: [ACBS]_6-2-2026 - Phân tích Ngành_Báo cáo ngành Bán lẻ_ Điểm sáng Bán lẻ hiện đại trong bối cảnh tiêu dùng thận trọng.pdf
-> File đã có sẵn, bỏ qua: [Vietcap]_5-2-2026 - Vĩ mô _ Chiến lược thị trường_Báo cáo Chiến lược_ Tháng 2_2026 _ Hồi phục sau nhịp điều chỉnh ở nửa.pdf

--- Đang quét Trang 33 ---
-> Tìm thấy: [Bộ Tài chính]_5-2-2026 - Tài liệu tham khảo_Bản tin nợ công_ Số 21.pdf
   ✅ Tải thành công!

--- Đang quét Trang 34 ---
-> File đã có sẵn, bỏ qua: [Bộ Tài chính]_5-2-2026 - Tài liệu tham khảo_Bản tin nợ công_ Số 21.pdf

--- Đang quét Trang 35 ---
-> Tìm thấy: [Vietcap]_4-2-2026 - Báo cáo Chuyên đề_Báo cáo Chuyên đề_ Tháng 1_2026 _ VNIndex tăng điểm trong tháng thứ 3 liên tiếp.pdf
   ✅ Tải thành công!
-> Tìm thấy: [KBSV]_4-2-2026 - Báo cáo Chuyên đề_Báo cáo Chuyên đề_ Thông tư 08_2026_TT_BTC _ Tóm tắt nhanh và đánh giá.pdf
   ✅ Tải thành công!
-> Tìm thấy: [KBSV]_4-2-2026 - Báo cáo Chuyên đề_Báo cáo Chuyên đề_ Lãi suất liên ngân hàng tăng mạnh.pdf
   ✅ Tải thành công!

--- Đang quét Trang 36 ---
-> File đã có sẵn, bỏ qua: [VDS]_3-2-2026 - Phân tích Ngành_Báo cáo ngành BĐS Khu công nghiệp_ Vững vàng trước những cơn gió.pdf

--- Đang quét Trang 37 ---

--- Đang quét Trang 38 ---

--- Đang quét Trang 39 ---

--- Đang quét Trang 40 ---
-> Tìm thấy: [Vietstock]_30-1-2026 - Vietstock_ Nghiên cứu _ Phân tích_Vietstock Weekly_ Tuần 02_06_02_2026.pdf
   ✅ Tải thành công!
-> Tìm thấy: [Vietstock]_30-1-2026 - Vietstock_ Nghiên cứu _ Phân tích_Technical View_ Tuần 02_06_02_2026.pdf
   ✅ Tải thành công!

--- Đang quét Trang 41 ---
-> File đã có sẵn, bỏ qua: [GTJA (Vietnam) ]_29-1-2026 - Vĩ mô _ Chiến lược thị trường_Báo cáo Chiến lược_ Catching The Big Current.pdf
-> File đã có sẵn, bỏ qua: [PHS]_29-1-2026 - Vĩ mô _ Chiến lược thị trường_Báo cáo Chiến lược_ Định vị chiến mã trong kỷ nguyên mới.pdf
-> File đã có sẵn, bỏ qua: [VCBS]_29-1-2026 - Báo cáo Chuyên đề_Báo cáo Chuyên đề_ Hàng hóa Quý 1_2026.pdf
-> File đã có sẵn, bỏ qua: [MAS]_29-1-2026 - Phân tích Ngành_Báo cáo ngành BĐS Khu công nghiệp_ Sau cơn mưa_ trời lại rạng.pdf

--- Đang quét Trang 42 ---
-> Tìm thấy: [ASEAN SECURITIES]_28-1-2026 - Báo cáo Chuyên đề_Báo cáo Chuyên đề_ Triển vọng Đầu tư vàng 2026 _ Thức thời.pdf
   ✅ Tải thành công!
-> File đã có sẵn, bỏ qua: [SHS]_28-1-2026 - Báo cáo Chuyên đề_Báo cáo Lao Động _ Giáo Dục_ Thế Hệ Chờ Được Hiểu.pdf

--- Đang quét Trang 43 ---
-> File đã có sẵn, bỏ qua: [VCBS]_27-1-2026 - Vĩ mô _ Chiến lược thị trường_Báo cáo Thị trường Trái phiếu_ Cập nhật 2025 _ Triển vọng 2026.pdf
-> File đã có sẵn, bỏ qua: [VDS]_27-1-2026 - Phân tích Ngành_Báo cáo ngành Bất động sản dân dụng_ Tái cân bằng sau giai đoạn tăng trưởng lệch pha.pdf
-> File đã có sẵn, bỏ qua: [VDS]_27-1-2026 - Phân tích Ngành_Báo cáo ngành Vật liệu xây dựng khác_ Triển vọng phân hóa giữa các nguồn nguyên liệu.pdf
-> File đã có sẵn, bỏ qua: [VIS Rating]_26-1-2026 - Vĩ mô _ Chiến lược thị trường_Báo cáo Vĩ mô_ Triển vọng Tín nhiệm 2026.pdf
-> File đã có sẵn, bỏ qua: [VBMA]_26-1-2026 - Vĩ mô _ Chiến lược thị trường_Báo cáo Thị trường Trái phiếu_ Quý IV_2025.pdf
-> File đã có sẵn, bỏ qua: [MAS]_26-1-2026 - Báo cáo Chuyên đề_Báo cáo Chuyên đề_ Danh mục cơ cấu ETF kỳ Q1_2026.pdf

--- Đang quét Trang 44 ---
-> File đã có sẵn, bỏ qua: [MAS]_26-1-2026 - Báo cáo Chuyên đề_Báo cáo Chuyên đề_ Danh mục cơ cấu ETF kỳ Q1_2026.pdf
-> File đã có sẵn, bỏ qua: [VIS Rating]_26-1-2026 - Vĩ mô _ Chiến lược thị trường_Báo cáo Vĩ mô_ Triển vọng Tín nhiệm 2026.pdf
-> File đã có sẵn, bỏ qua: [VBMA]_26-1-2026 - Vĩ mô _ Chiến lược thị trường_Báo cáo Thị trường Trái phiếu_ Quý IV_2025.pdf
-> File đã có sẵn, bỏ qua: [FPTS]_23-1-2026 - Phân tích Ngành_Báo cáo ngành Nhựa_ Triển vọng phân hóa giữa các mảng sản phẩm.pdf
-> File đã có sẵn, bỏ qua: [Vietstock]_23-1-2026 - Vietstock_ Nghiên cứu _ Phân tích_Vietstock Weekly_ Tuần 26_30_01_2026.pdf
-> File đã có sẵn, bỏ qua: [Vietstock]_23-1-2026 - Vietstock_ Nghiên cứu _ Phân tích_Technical View_ Tuần 26_30_01_2026.pdf
-> File đã có sẵn, bỏ qua: [MBS]_23-1-2026 - Vĩ mô _ Chiến lược thị trường_Báo cáo Thị trường Trái phiếu_ Thị trường TPDN khép lại năm 2025 với d.pdf
-> File đã có sẵn, bỏ qua: [KAFI]_23-1-2026 - Vĩ mô _ Chiến lược thị trường_Báo cáo Vĩ mô_ Kinh tế về đích _sát nút_.pdf

--- Đang quét Trang 45 ---
-> Tìm thấy: [VikkiBankS]_22-1-2026 - Vĩ mô _ Chiến lược thị trường_Báo cáo Vĩ mô_ Tháng 12_2025.pdf
   ✅ Tải thành công!
-> File đã có sẵn, bỏ qua: [KAFI]_21-1-2026 - Phân tích Ngành_Báo cáo ngành Ngân hàng_ Vững đà tăng trưởng.pdf

--- Đang quét Trang 46 ---
-> File đã có sẵn, bỏ qua: [KAFI]_21-1-2026 - Phân tích Ngành_Báo cáo ngành Ngân hàng_ Vững đà tăng trưởng.pdf
-> File đã có sẵn, bỏ qua: [VPX]_21-1-2026 - Phân tích Ngành_Báo cáo ngành Dầu khí_ Cập nhật Thị trường kinh doanh xăng dầu năm 2026.pdf
-> File đã có sẵn, bỏ qua: [SSV]_21-1-2026 - Vĩ mô _ Chiến lược thị trường_Báo cáo Vĩ mô_ Quyết tâm và thành tựu.pdf
-> File đã có sẵn, bỏ qua: [MAS]_21-1-2026 - Báo cáo Chuyên đề_Báo cáo Chuyên đề_ Kinh Tế Nhà Nước _ Cơ Hội Chọn Lọc Trên Thị Trường Chứng Khoán.pdf
-> Tìm thấy: [KBSV]_20-1-2026 - Vĩ mô _ Chiến lược thị trường_Báo cáo Vĩ mô_ Triển vọng kinh tế 2026 _ Kích hoạt nội lực.pdf
   ✅ Tải thành công!
-> File đã có sẵn, bỏ qua: [ACBS]_19-1-2026 - Báo cáo Chuyên đề_Báo cáo Chuyên đề_ Cập nhật nhanh Nghị định 20_2026_NĐ_CP.pdf
-> File đã có sẵn, bỏ qua: [MBS]_19-1-2026 - Vĩ mô _ Chiến lược thị trường_Báo cáo Thị trường Tiền tệ_ Diễn biến tỷ giá sẽ ổn định hơn trong năm.pdf
-> File đã có sẵn, bỏ qua: [VDS]_19-1-2026 - Vĩ mô _ Chiến lược thị trường_Báo cáo Thị trường Trái phiếu _ Tiền tệ_ Trật tự mới của thị trường vố.pdf

--- Đang quét Trang 47 ---
-> File đã có sẵn, bỏ qua: [VPX]_19-1-2026 - Báo cáo Chuyên đề_Báo cáo Đầu tư_ Tháng 12_2025.pdf
-> File đã có sẵn, bỏ qua: [FPTS]_16-1-2026 - Báo cáo Chuyên đề_Báo cáo Chuyên đề_ Dự báo thay đổi thành phần chỉ số VN30 _ VNFINLEAD.pdf
-> Tìm thấy: [VDS]_16-1-2026 - Phân tích Ngành_Báo cáo ngành Công nghệ _ Viễn thông_ Thuyền to nỗ lực vượt sóng lớn.pdf
   ✅ Tải thành công!
-> File đã có sẵn, bỏ qua: [Vietcap]_16-1-2026 - Vĩ mô _ Chiến lược thị trường_Báo cáo Vĩ mô_ Tăng trưởng GDP đạt 8_ trong năm 2025.pdf
-> File đã có sẵn, bỏ qua: [Vietstock]_16-1-2026 - Vietstock_ Nghiên cứu _ Phân tích_Vietstock Weekly_ Tuần 19_23_01_2026.pdf
-> File đã có sẵn, bỏ qua: [Vietstock]_16-1-2026 - Vietstock_ Nghiên cứu _ Phân tích_Technical View_ Tuần 19_23_01_2026.pdf
-> File đã có sẵn, bỏ qua: [MBS]_16-1-2026 - Phân tích Ngành_Báo cáo ngành Xây dựng và VLXD_ Bước vào chu kì tăng trưởng.pdf
-> File đã có sẵn, bỏ qua: [AGRISECO]_16-1-2026 - Vĩ mô _ Chiến lược thị trường_Báo cáo Chiến lược_ Bứt phá trong kỷ nguyên mới.pdf
-> File đã có sẵn, bỏ qua: [MAS]_16-1-2026 - Phân tích Ngành_Báo cáo ngành Phân bón_ Biến động chính sách và địa chính trị chi phối triển vọng.pdf
-> File đã có sẵn, bỏ qua: [OCBS]_16-1-2026 - Vĩ mô _ Chiến lược thị trường_Báo cáo Vĩ mô_ Xây dựng nền tảng vững vàng.pdf
-> File đã có sẵn, bỏ qua: [VIS Rating]_16-1-2026 - Vĩ mô _ Chiến lược thị trường_Báo cáo Thị trường Trái phiếu_ Tổng quan Thị trường Trái phiếu Doanh n.pdf
-> File đã có sẵn, bỏ qua: [GTJA (Vietnam) ]_16-1-2026 - Phân tích Ngành_Báo cáo ngành ICT_ Ride the AI Wave.pdf

--- Đang quét Trang 48 ---
-> File đã có sẵn, bỏ qua: [OCBS]_16-1-2026 - Vĩ mô _ Chiến lược thị trường_Báo cáo Vĩ mô_ Xây dựng nền tảng vững vàng.pdf
-> File đã có sẵn, bỏ qua: [Vietinbank Securities]_15-1-2026 - Vĩ mô _ Chiến lược thị trường_Báo cáo Vĩ mô_ Tháng 12_2025.pdf
-> File đã có sẵn, bỏ qua: [VCBS]_15-1-2026 - Phân tích Ngành_Báo cáo ngành BĐS Khu công nghiệp_ Sau phép thử_ chu kỳ mới bắt đầu.pdf
-> File đã có sẵn, bỏ qua: [NSI]_15-1-2026 - Vĩ mô _ Chiến lược thị trường_Báo cáo Vĩ mô_ Tháng 12_2025.pdf
-> File đã có sẵn, bỏ qua: [VDS]_15-1-2026 - Báo cáo Chuyên đề_Báo cáo Chuyên đề_ NGHỊ QUYẾT 79_NQ_TW Về phát triển kinh tế nhà nước.pdf
-> File đã có sẵn, bỏ qua: [MAS]_15-1-2026 - Phân tích Ngành_Báo cáo ngành Điện tử tiêu dùng_ Nâng cấp công nghệ trở thành động lực tăng trưởng.pdf
-> File đã có sẵn, bỏ qua: [MAS]_15-1-2026 - Vĩ mô _ Chiến lược thị trường_Báo cáo Chiến lược_ Đầu tư công _ Động lực then chốt cho tăng trưởng h.pdf
-> File đã có sẵn, bỏ qua: [AGRISECO]_15-1-2026 - Vĩ mô _ Chiến lược thị trường_Báo cáo Vĩ mô_ Cập nhật Quý IV và năm 2025.pdf
-> File đã có sẵn, bỏ qua: [BVS]_14-1-2026 - Vĩ mô _ Chiến lược thị trường_Báo cáo Vĩ mô_ Vĩ mô và TTCK tháng 12_2025.pdf
-> File đã có sẵn, bỏ qua: [PHS]_14-1-2026 - Vĩ mô _ Chiến lược thị trường_Báo cáo Chiến lược_ Vững bước trước giông bão.pdf

--- Đang quét Trang 49 ---
-> File đã có sẵn, bỏ qua: [MAS]_14-1-2026 - Phân tích Ngành_Báo cáo ngành Cảng biển_ Ổn định trong vùng biến động.pdf
-> File đã có sẵn, bỏ qua: [VCBS]_13-1-2026 - Phân tích Ngành_Báo cáo ngành Thép_ Triển vọng 2026.pdf
-> File đã có sẵn, bỏ qua: [Vietcap]_13-1-2026 - Phân tích Ngành_Báo cáo ngành Nhiệt điện_ Giá công suất thị trường năm 2026 thấp hơn kỳ vọng.pdf
-> File đã có sẵn, bỏ qua: [VDS]_13-1-2026 - Phân tích Ngành_Báo cáo ngành Tiêu dùng_ Hổ mọc thêm cánh.pdf
-> File đã có sẵn, bỏ qua: [MAS]_13-1-2026 - Vĩ mô _ Chiến lược thị trường_Báo cáo Vĩ mô_ Vai trò dẫn dắt của Nhà nước và động lực từ kinh tế tư.pdf
-> File đã có sẵn, bỏ qua: [KAFI]_12-1-2026 - Vĩ mô _ Chiến lược thị trường_Báo cáo Chiến lược_ Chiến mã tháo cương.pdf
-> Tìm thấy: [KBSV]_12-1-2026 - Vĩ mô _ Chiến lược thị trường_Báo cáo Chiến lược_ Thị trường chứng khoán Việt Nam trước vận hội lớn.pdf
   ✅ Tải thành công!
-> Tìm thấy: [KBSV]_12-1-2026 - Báo cáo Chuyên đề_Báo cáo Chuyên đề_ Tóm tắt NQ79_NQ_TW.pdf
   ✅ Tải thành công!

--- Đang quét Trang 50 ---
-> File đã có sẵn, bỏ qua: [SSI]_12-1-2026 - Vĩ mô _ Chiến lược thị trường_Báo cáo Chiến lược_ Vững tay cương.pdf
-> File đã có sẵn, bỏ qua: [PSI]_12-1-2026 - Vĩ mô _ Chiến lược thị trường_Báo cáo Vĩ mô_ Q4_2025.pdf
-> File đã có sẵn, bỏ qua: [PSI]_12-1-2026 - Vĩ mô _ Chiến lược thị trường_Báo cáo Chiến lược_ Tháng 01_2026.pdf
-> File đã có sẵn, bỏ qua: [ABS]_12-1-2026 - Vĩ mô _ Chiến lược thị trường_Báo cáo Chiến lược_ Đón lộc đầu năm.pdf
-> File đã có sẵn, bỏ qua: [Vietcap]_12-1-2026 - Vĩ mô _ Chiến lược thị trường_Báo cáo Trái phiếu _ Tiền tệ_ Số dư trên OMO đạt mức cao kỷ lục.pdf
-> File đã có sẵn, bỏ qua: [MAS]_12-1-2026 - Báo cáo Chuyên đề_Báo cáo Chuyên đề_ Top cổ phiếu dẫn đầu Sharpe Ratio Q3_2025.pdf
-> Tìm thấy: [YSVN]_12-1-2026 - Báo cáo Chuyên đề_Báo cáo Chuyên đề_ Tăng trưởng tín dụng ưu tiên kiểm soát rủi ro.pdf
   ✅ Tải thành công!
-> File đã có sẵn, bỏ qua: [YSVN]_12-1-2026 - Vĩ mô _ Chiến lược thị trường_Báo cáo Chiến lược_ Tháng 01 là tháng tăng điểm.pdf
-> Tìm thấy: [YSVN]_12-1-2026 - Vĩ mô _ Chiến lược thị trường_Báo cáo Vĩ mô_ GDP Việt Nam bước vào pha tăng trưởng chất lượng cao.pdf
   ✅ Tải thành công!
-> File đã có sẵn, bỏ qua: [MAS]_11-1-2026 - Vĩ mô _ Chiến lược thị trường_Báo cáo Vĩ mô_ Nền tảng vững chắc _ Duy trì tăng trưởng.pdf
-> File đã có sẵn, bỏ qua: [NSI]_9-1-2026 - Vĩ mô _ Chiến lược thị trường_Báo cáo Chiến lược_ Vị thế mới _ Cơ hội mới trong thị trường phân hóa.pdf
-> File đã có sẵn, bỏ qua: [VCBS]_9-1-2026 - Phân tích Ngành_Báo cáo ngành Ngân hàng_ Vững nhịp tăng trưởng.pdf
-> File đã có sẵn, bỏ qua: [Vietstock]_9-1-2026 - Vietstock_ Nghiên cứu _ Phân tích_Vietstock Weekly_ Tuần 12_16_01_2026.pdf
-> File đã có sẵn, bỏ qua: [Vietstock]_9-1-2026 - Vietstock_ Nghiên cứu _ Phân tích_Technical View_ Tuần 12_16_01_2026.pdf
-> File đã có sẵn, bỏ qua: [MAS]_9-1-2026 - Báo cáo Chuyên đề_Báo cáo Chuyên đề_ Dự báo cổ phiếu thành phần chỉ số Q1_2026.pdf
-> File đã có sẵn, bỏ qua: [AGRISECO]_9-1-2026 - Phân tích Ngành_Báo cáo ngành Dầu khí_ Dòng chảy tăng trưởng_ đón sóng bứt phá.pdf
-> File đã có sẵn, bỏ qua: [YSVN]_9-1-2026 - Báo cáo Chuyên đề_Báo cáo Chuyên đề_ Nghị quyết 79 nâng tầm kinh tế nhà nước.pdf

--- Đang quét Trang 51 ---
-> File đã có sẵn, bỏ qua: [VBMA]_8-1-2026 - Vĩ mô _ Chiến lược thị trường_Báo cáo Thị trường Trái phiếu_ Tháng 12_2025.pdf
-> File đã có sẵn, bỏ qua: [VCBS]_8-1-2026 - Phân tích Ngành_Báo cáo ngành Điện_ Tăng tốc triển khai dự án mới.pdf
-> File đã có sẵn, bỏ qua: [VCBS]_8-1-2026 - Phân tích Ngành_Báo cáo ngành Nước_ 1H2026.pdf
-> File đã có sẵn, bỏ qua: [VCBS]_8-1-2026 - Phân tích Ngành_Báo cáo ngành Dầu khí_ Triển vọng Dầu khí _ LNG _ Năng lượng tái tạo.pdf
-> File đã có sẵn, bỏ qua: [VCBS]_8-1-2026 - Vĩ mô _ Chiến lược thị trường_Báo cáo Chiến lược_ Đột phá hành động _ Kiến tạo thịnh vượng.pdf
-> File đã có sẵn, bỏ qua: [ACBS]_8-1-2026 - Vĩ mô _ Chiến lược thị trường_Báo cáo Thị trường Trái phiếu 2025_ Phục hồi có chọn lọc.pdf
-> File đã có sẵn, bỏ qua: [ACBS]_8-1-2026 - Vĩ mô _ Chiến lược thị trường_Báo cáo Vĩ mô_ Khởi sắc sau cơn mưa.pdf
-> File đã có sẵn, bỏ qua: [MAS]_8-1-2026 - Phân tích Ngành_Báo cáo ngành Dệt may_ Phân hóa giữa biến động địa chính trị.pdf
-> File đã có sẵn, bỏ qua: [GTJA (Vietnam) ]_7-1-2026 - Phân tích Ngành_Báo cáo ngành Điện_ Tái định hình _ Triển vọng Khả quan.pdf
-> File đã có sẵn, bỏ qua: [GTJA (Vietnam) ]_7-1-2026 - Báo cáo Chuyên đề_Flash Note_ Cập nhật nhanh về Sự kiện Mỹ và Venezuela tháng 1_2026.pdf
-> Tìm thấy: [KBSV]_7-1-2026 - Phân tích Ngành_Báo cáo ngành Chứng khoán_ Động lực từ tăng trưởng kinh tế cao và dòng tiền ngoại qu.pdf
   ✅ Tải thành công!
-> Tìm thấy: [KBSV]_7-1-2026 - Phân tích Ngành_Báo cáo ngành Ngân hàng_ Đẩy mạnh tăng trưởng tín dụng.pdf
   ✅ Tải thành công!
-> Tìm thấy: [KBSV]_7-1-2026 - Phân tích Ngành_Báo cáo ngành Tiêu dùng_ Triển vọng tích cực và định giá hấp dẫn.pdf
   ✅ Tải thành công!
-> Tìm thấy: [KBSV]_7-1-2026 - Phân tích Ngành_Báo cáo ngành Bất động sản dân cư_ Hưởng lợi từ đẩy mạnh hạ tầng và tháo gỡ pháp lý.pdf
   ✅ Tải thành công!
-> Tìm thấy: [KBSV]_7-1-2026 - Phân tích Ngành_Báo cáo ngành Vật liệu xây dựng_ Nhu cầu trong nước là động lực chính.pdf
   ✅ Tải thành công!

--- Đang quét Trang 52 ---
-> File đã có sẵn, bỏ qua: [TPS]_7-1-2026 - Vĩ mô _ Chiến lược thị trường_Báo cáo Chiến lược_ Khi cơ hội song hành thách thức.pdf
-> File đã có sẵn, bỏ qua: [YSVN]_7-1-2026 - Báo cáo Chuyên đề_Báo cáo Chuyên đề_ Dự phóng tái cơ cấu VN30.pdf
-> File đã có sẵn, bỏ qua: [ACBS]_6-1-2026 - Vĩ mô _ Chiến lược thị trường_Báo cáo Chiến lược_ Kiến tạo vị thế.pdf
-> File đã có sẵn, bỏ qua: [SHS]_6-1-2026 - Vĩ mô _ Chiến lược thị trường_Báo cáo Chiến lược_ Cân bằng rủi ro _ lợi nhuận.pdf
-> Tìm thấy: [KBSV]_6-1-2026 - Phân tích Ngành_Báo cáo ngành Điện_ Tăng trưởng trên cơ sở cân bằng cung cầu.pdf
   ✅ Tải thành công!
-> Tìm thấy: [KBSV]_6-1-2026 - Phân tích Ngành_Báo cáo ngành Công nghệ_ Hồi phục sau khó khăn ngắn hạn.pdf
   ✅ Tải thành công!
-> File đã có sẵn, bỏ qua: [OCBS]_6-1-2026 - Vĩ mô _ Chiến lược thị trường_Báo cáo Vĩ mô_ Hướng đến mục tiêu tăng trưởng mạnh mẽ.pdf
-> File đã có sẵn, bỏ qua: [ASEAN SECURITIES]_6-1-2026 - Vĩ mô _ Chiến lược thị trường_Báo cáo Chiến lược_ Nâng hạn thị trường mở khóa định giá.pdf
-> File đã có sẵn, bỏ qua: [GTJA (Vietnam) ]_5-1-2026 - Phân tích Ngành_Báo cáo ngành Cảng _ Vận tải biển_ Triển vọng Khả quan.pdf
-> File đã có sẵn, bỏ qua: [KAFI]_5-1-2026 - Phân tích Ngành_Báo cáo ngành Bảo hiểm_ Bước vào pha tăng trưởng mới.pdf
-> Tìm thấy: [KBSV]_5-1-2026 - Phân tích Ngành_Báo cáo ngành Logistics_ Câu chuyện thương mại phục hồi và mở rộng công suất.pdf
   ✅ Tải thành công!
-> Tìm thấy: [KBSV]_5-1-2026 - Phân tích Ngành_Báo cáo ngành Dầu khí_ Điều chỉnh chính sách tích cực.pdf
   ✅ Tải thành công!
-> Tìm thấy: [KBSV]_5-1-2026 - Phân tích Ngành_Báo cáo ngành Xây dựng_ Nguồn cung công việc tích cực.pdf
   ✅ Tải thành công!
-> Tìm thấy: [KBSV]_5-1-2026 - Phân tích Ngành_Báo cáo ngành BĐS Khu công nghiệp_ Thách thức ngắn hạn mở ra dư địa trong dài hạn.pdf
   ✅ Tải thành công!
-> File đã có sẵn, bỏ qua: [SHS]_5-1-2026 - Phân tích Ngành_Báo cáo ngành BĐS Khu công nghiệp_ Tiếp đà tăng trưởng.pdf

--- Đang quét Trang 53 ---
-> File đã có sẵn, bỏ qua: [SSI]_5-1-2026 - Báo cáo Chuyên đề_Báo cáo ETF_ Dự báo thay đổi danh mục chỉ số VN30 và VNFIN Lead kỳ Q1_2026.pdf
-> File đã có sẵn, bỏ qua: [TPS]_5-1-2026 - Phân tích Ngành_Báo cáo ngành Điện_ Triển vọng dài hạn vẫn duy trì.pdf
-> File đã có sẵn, bỏ qua: [BMSC]_5-1-2026 - Vĩ mô _ Chiến lược thị trường_Báo cáo Chiến lược_ Năm 2026.pdf

--- Đang quét Trang 54 ---

🛑 Đã chạm đến mốc thời gian cũ hơn 3 tháng. Ngưng quét.

🎉 HOÀN TẤT CHIẾN DỊCH! Tổng cộng đã bế về: 101 báo cáo Vĩ mô & Ngành.
[dotenv@17.3.1] injecting env (29) from .env.local -- tip: 🔐 prevent building .env in docker: https://dotenvx.com/prebuild
[06:00:03 1/7/2026] 🚀 ===== BẮT ĐẦU MACRO PIPELINE =====
[06:00:03 1/7/2026] 📅 Thời gian chạy: 2026-06-30T23:00:03.926Z
[06:00:03 1/7/2026] 📡 Bước 1/2: Cào báo cáo Vĩ mô từ VietStock...
🚀 Bắt đầu quét Báo cáo Vĩ mô & Ngành (3 tháng gần đây)...
📡 Đang lấy cookie và token xác thực từ VietStock...
[06:00:03 1/7/2026] 📊 Bước 2/2: Đồng bộ chỉ số vĩ mô từ GSO/NSO (GDP, CPI, IIP)...
[06:00:58 1/7/2026] Kết quả đồng bộ GSO:
Connecting to Supabase...
=== Seeding Metadata (Categories & Indicators) ===
  [.] Category exists: Tài khoản quốc gia (GDP)
  [.] Category exists: Chỉ số giá và lạm phát
  [.] Category exists: Sản xuất công nghiệp
  [+] Updated indicator: Tổng sản phẩm quốc nội (GDP thực tế)
  [+] Updated indicator: Chỉ số giá tiêu dùng (CPI)
  [+] Updated indicator: Chỉ số sản xuất công nghiệp (IIP)

--- Processing indicator: NGDP_R_PA_XDC ---
Downloading Excel from GSO: http://nsdp.nso.gov.vn/GSO-chung/Tu%E1%BA%A5n%20Anh/excel%20chung/GDP_VNM.xlsx ...
  Excel file saved to data/GDP_VNM.xlsx
Parsing sheet Dataset_Q for indicator NGDP_R_PA_XDC...
  Successfully parsed 64 points from Excel.
=== Upserting macro data for NGDP_R_PA_XDC ===
  Processed 64 data points chronologically.
  [+] Done. Successfully upserted 64/64 points.

--- Processing indicator: PCPI_IX ---
Downloading Excel from GSO: http://nsdp.nso.gov.vn/GSO-chung/Tu%E1%BA%A5n%20Anh/excel%20chung/CPI_VNM.xlsx ...
  Excel file saved to data/CPI_VNM.xlsx
Parsing sheet Dataset base 2019 for indicator PCPI_IX...
  Successfully parsed 63 points from Excel.
=== Upserting macro data for PCPI_IX ===
  Processed 63 data points chronologically.
  [+] Done. Successfully upserted 63/63 points.

--- Processing indicator: AIP_ISIC4_IX ---
Downloading Excel from GSO: http://nsdp.nso.gov.vn/GSO-chung/Tu%E1%BA%A5n%20Anh/excel%20chung/IIP_VNM.xlsx ...
  Excel file saved to data/IIP_VNM.xlsx
Parsing sheet Chi so so nam goc for indicator AIP_ISIC4_IX...
  [!] Direct GSO Excel download failed: KeyError - "Indicator 'AIP_ISIC4_IX' not found in Excel sheet."
Fallback: Downloading GSO archive database from https://github.com/thanhqtran/gso-macro-monitor/releases/download/v1.2.0/all_data_gso_20250606.json.zip...
  Successfully parsed 99 points from GSO archive.
=== Upserting macro data for AIP_ISIC4_IX ===
  Processed 99 data points chronologically.
  [+] Done. Successfully upserted 99/99 points.

=== Macro Sync Pipeline Completed Successfully ===

[06:00:58 1/7/2026] ✅ Pipeline hoàn tất thành công!
[06:00:58 1/7/2026] 🏁 ===== KẾT THÚC MACRO PIPELINE =====

✅ Lấy cookie và token thành công!

--- Đang quét Trang 1 ---
-> Tìm thấy: [MAS]_30-6-2026 - Vĩ mô _ Chiến lược thị trường_Báo cáo Vĩ mô_ Đông lực chính sách _ Cho mục tiêu tăng trưởng GDP 10_.pdf
   ✅ Tải thành công!
-> Tìm thấy: [MBS]_30-6-2026 - Phân tích Ngành_Báo cáo ngành Xây dựng _ Vật liệu_ KQKD phân hóa do giá nguyên vật liệu tăng cao.pdf
   ✅ Tải thành công!
-> Tìm thấy: [MBS]_30-6-2026 - Phân tích Ngành_Báo cáo ngành Bất động sản_ Dự báo KQKD Q2_2026 _ Thị trường ảm đạm trước áp lực từ.pdf
   ✅ Tải thành công!
-> Tìm thấy: [MBS]_29-6-2026 - Báo cáo Chuyên đề_Báo cáo Chuyên đề_ Dự báo lợi nhuận Q2_2026 _ Tăng trưởng trong môi trường đầy thá.pdf
   ✅ Tải thành công!
-> Tìm thấy: [YSVN]_29-6-2026 - Phân tích Ngành_Báo cáo ngành Ngân hàng_ NH chất lượng tốt xứng đáng định giá cao hơn.pdf
   ✅ Tải thành công!
-> Tìm thấy: [MBS]_29-6-2026 - Phân tích Ngành_Báo cáo ngành BĐS Khu công nghiệp_ Đổi mới chính sách thu hút vốn FDI và dự báo KQKD.pdf
   ✅ Tải thành công!
-> Tìm thấy: [MBS]_29-6-2026 - Phân tích Ngành_Báo cáo ngành Dầu khí_ Dư_ báo KQKD Q2_2026 khả quan nhờ bối cảnh vĩ mô thuận lợi.pdf
   ✅ Tải thành công!
-> Tìm thấy: [SHS]_26-6-2026 - Phân tích Ngành_Báo cáo ngành Hàng không_ Tháng 06_2026.pdf
   ✅ Tải thành công!

--- Đang quét Trang 2 ---
-> Tìm thấy: [MBS]_26-6-2026 - Phân tích Ngành_Báo cáo ngành Tiêu dùng _ Bán lẻ_ Một quý  ghi nhận KQKD tích cực của doanh nghiệp b.pdf
   ✅ Tải thành công!
-> Tìm thấy: [MBS]_26-6-2026 - Phân tích Ngành_Báo cáo ngành Logistics_ Bước vào mùa cao điểm với bức tranh phân hóa trước áp lực n.pdf
   ✅ Tải thành công!
-> Tìm thấy: [VPX]_26-6-2026 - Phân tích Ngành_Báo cáo ngành Ngân hàng_ Thông tư 25_2026_TT_NHNN nới lỏng một số tỷ lệ thanh khoản.pdf
   ✅ Tải thành công!
-> Tìm thấy: [Vietstock]_26-6-2026 - Vietstock_ Nghiên cứu _ Phân tích_Technical View_ Tuần 29_06_03_07_2026.pdf
   ✅ Tải thành công!
-> Tìm thấy: [Vietstock]_26-6-2026 - Vietstock_ Nghiên cứu _ Phân tích_Vietstock Weekly_ Tuần 29_06_03_07_2026.pdf
   ✅ Tải thành công!

--- Đang quét Trang 3 ---
-> Tìm thấy: [VDS]_24-6-2026 - Báo cáo Chuyên đề_Báo cáo Chuyên đề_ Danh mục đầu tư nên được điều chỉnh như thế nào với tình hình h.pdf
   ✅ Tải thành công!
-> File đã có sẵn, bỏ qua: [VNDS]_24-6-2026 - Báo cáo Chuyên đề_Báo cáo Chuyên đề_ Tác động của cơ chế mới từ NHNN đối với hoạt động cấp tín dụng.pdf
-> Tìm thấy: [KBSV]_24-6-2026 - Báo cáo Chuyên đề_Báo cáo Chuyên đề_ Miễn room tín dụng cho 18 dự án trọng điểm.pdf
   ✅ Tải thành công!

--- Đang quét Trang 4 ---
-> File đã có sẵn, bỏ qua: [Vietcap]_23-6-2026 - Phân tích Ngành_Báo cáo ngành nhựa PVC_ Chính sách hạn chế cạnh tranh không lành mạnh của Trung Quốc.pdf
-> Tìm thấy: [KAFI]_23-6-2026 - Báo cáo Chuyên đề_Báo cáo Chuyên đề_ Thông tư 25_2026_TT_NHNN.pdf
   ✅ Tải thành công!
-> File đã có sẵn, bỏ qua: [SSV]_23-6-2026 - Vĩ mô _ Chiến lược thị trường_Báo cáo Vĩ mô_ Những lo ngại tạm lắng.pdf
-> File đã có sẵn, bỏ qua: [VCBS]_23-6-2026 - Báo cáo Chuyên đề_Báo cáo Chuyên đề_ Thông tư 25 _ Nới trần SMLR.pdf
-> File đã có sẵn, bỏ qua: [MAS]_23-6-2026 - Báo cáo Chuyên đề_Báo cáo Chuyên đề_ Thông tư 25_2026_TT_NHNN.pdf
-> File đã có sẵn, bỏ qua: [MAS]_23-6-2026 - Vĩ mô _ Chiến lược thị trường_Báo cáo Chiến lược_ Đánh giá xu hướng bán ròng của khối ngoại.pdf
-> File đã có sẵn, bỏ qua: [ACBS]_23-6-2026 - Báo cáo Chuyên đề_Báo cáo Chuyên đề_ Thông tư 25_2026.pdf
-> File đã có sẵn, bỏ qua: [KBSV]_22-6-2026 - Báo cáo Chuyên đề_Báo cáo Chuyên đề_ MSCI Accessibility Review 2026.pdf

--- Đang quét Trang 5 ---
-> File đã có sẵn, bỏ qua: [MAS]_22-6-2026 - Báo cáo Chuyên đề_Báo cáo Chuyên đề_ Tiến độ nâng hạng thị trường chứng khoán.pdf
-> File đã có sẵn, bỏ qua: [ACBS]_22-6-2026 - Vĩ mô _ Chiến lược thị trường_Báo cáo Vĩ mô_ Tháng 06_2026 _ Đi qua vùng nhiều động.pdf

--- Đang quét Trang 6 ---
-> File đã có sẵn, bỏ qua: [BSC]_19-6-2026 - Báo cáo Chuyên đề_Báo cáo Chuyên đề_ Cập nhật nhanh đánh giá của MSCI.pdf
-> File đã có sẵn, bỏ qua: [VPX]_19-6-2026 - Phân tích Ngành_Báo cáo ngành BĐS Khu công nghiệp_ Tháng 06_2026.pdf
-> File đã có sẵn, bỏ qua: [Vietstock]_19-6-2026 - Vietstock_ Nghiên cứu _ Phân tích_Technical View_ Tuần 22_26_06_2026.pdf
-> File đã có sẵn, bỏ qua: [Vietstock]_19-6-2026 - Vietstock_ Nghiên cứu _ Phân tích_Vietstock Weekly_ Tuần 22_26_06_2026.pdf
-> File đã có sẵn, bỏ qua: [KBSV]_18-6-2026 - Báo cáo Chuyên đề_Báo cáo Chuyên đề_ Đề xuất nới trần tỷ lệ SMLR.pdf
-> File đã có sẵn, bỏ qua: [KBSV]_18-6-2026 - Báo cáo Chuyên đề_Báo cáo Chuyên đề_ Fed giữ nguyên lãi suất_ phát tín hiệu hawkish hơn.pdf
-> File đã có sẵn, bỏ qua: [MBS]_18-6-2026 - Phân tích Ngành_Báo cáo ngành Ngân hàng_ Vững vàng trước biến động.pdf
-> File đã có sẵn, bỏ qua: [MAS]_18-6-2026 - Phân tích Ngành_Báo cáo ngành Ngân hàng_ Định hướng thanh khoản _ Gỡ nút thắt.pdf

--- Đang quét Trang 7 ---
-> File đã có sẵn, bỏ qua: [PSI]_17-6-2026 - Vĩ mô _ Chiến lược thị trường_Báo cáo Chiến lược_ 2H2026 _ Ngược gió tìm cơ hội.pdf

--- Đang quét Trang 8 ---
-> File đã có sẵn, bỏ qua: [VIX]_17-6-2026 - Báo cáo Chuyên đề_Báo cáo Chuyên đề_ Giá dầu thế giới lùi về mốc đầu tiên vùng 75_80_ chú ý các kịch.pdf
-> File đã có sẵn, bỏ qua: [MBS]_17-6-2026 - Vĩ mô _ Chiến lược thị trường_Báo cáo Thị trường Trái phiếu_ Ngân hàng dẫn dắt thị trường TPDN trong.pdf
-> File đã có sẵn, bỏ qua: [KBSV]_16-6-2026 - Báo cáo Chuyên đề_Báo cáo Chuyên đề_ Tiến triển trong đàm phán.pdf
-> File đã có sẵn, bỏ qua: [MBS]_16-6-2026 - Vĩ mô _ Chiến lược thị trường_Báo cáo Vĩ mô_ Tháng 06_2026 _ Gia tăng thách thức từ biến động toàn c.pdf
-> File đã có sẵn, bỏ qua: [VIX]_16-6-2026 - Báo cáo Chuyên đề_Báo cáo Chuyên đề_ Diễn biến giá urê Trung Đông năm 2026 dưới tác động địa chính t.pdf

--- Đang quét Trang 9 ---
-> File đã có sẵn, bỏ qua: [SSI]_15-6-2026 - Báo cáo Chuyên đề_Bản tin ETF_ Kết quả thay đổi danh mục chỉ số VanEck Vietnam ETF kỳ Q2_2026.pdf

--- Đang quét Trang 10 ---
-> File đã có sẵn, bỏ qua: [Vietcap]_15-6-2026 - Vĩ mô _ Chiến lược thị trường_Báo cáo Chiến lược_ 2H2026 _ Tăng trưởng duy trì khả quan nhờ đầu tư_.pdf
-> File đã có sẵn, bỏ qua: [Techcombank]_15-6-2026 - Vĩ mô _ Chiến lược thị trường_Báo cáo Vĩ mô_ Tháng 06_2026.pdf
-> File đã có sẵn, bỏ qua: [Vietcap]_12-6-2026 - Phân tích Ngành_Báo cáo ngành Năng lượng_ Giá dầu dự kiến sẽ tiếp tục tăng do xung đột kéo dài.pdf
-> File đã có sẵn, bỏ qua: [VIX]_12-6-2026 - Báo cáo Chuyên đề_Báo cáo Chuyên đề_ Mọi ánh mắt đổ dồn về cuộc họp lãi suất ở Mỹ tuần tới.pdf
-> File đã có sẵn, bỏ qua: [NHSV]_12-6-2026 - Vĩ mô _ Chiến lược thị trường_Báo cáo Vĩ mô_ Tháng 06_2026 _ Lãi suất neo cao vì sao _ Nhập siêu có.pdf

--- Đang quét Trang 11 ---
-> File đã có sẵn, bỏ qua: [Vietstock]_12-6-2026 - Vietstock_ Nghiên cứu _ Phân tích_Technical View_ Tuần 15_19_06_2026.pdf
-> File đã có sẵn, bỏ qua: [Vietstock]_12-6-2026 - Vietstock_ Nghiên cứu _ Phân tích_Vietstock Weekly_ Tuần 15_19_06_2026.pdf
-> File đã có sẵn, bỏ qua: [MAS]_12-6-2026 - Báo cáo Chuyên đề_Báo cáo Chuyên đề_ Nghị quyết 10_NQ_TW _ Nâng cấp chiến lược dòng vốn FDI.pdf
-> File đã có sẵn, bỏ qua: [ACBS]_12-6-2026 - Báo cáo Chuyên đề_Báo cáo Chuyên đề_ Nghị quyết phát triển FDI.pdf
-> File đã có sẵn, bỏ qua: [ACBS]_12-6-2026 - Phân tích Ngành_Báo cáo ngành Xây dựng hạ tầng_ Vượt gió ngược_ đón sóng lớn.pdf
-> File đã có sẵn, bỏ qua: [ABS]_11-6-2026 - Phân tích Ngành_Báo cáo ngành Dầu khí_ KQKD Q1_2026 bứt phá nhờ giá dầu tăng cao.pdf
-> File đã có sẵn, bỏ qua: [SSV]_11-6-2026 - Phân tích Ngành_Báo cáo ngành Thủy sản _ngành Cá__ Tăng trưởng theo chiều sâu.pdf
-> File đã có sẵn, bỏ qua: [SSV]_11-6-2026 - Phân tích Ngành_Báo cáo ngành Logistics_ Chi phí logistics tăng trở lại.pdf
-> File đã có sẵn, bỏ qua: [Vietcap]_11-6-2026 - Vĩ mô _ Chiến lược thị trường_Báo cáo Trái phiếu _ Tiền tệ_ Tháng 05_2026 _ Lãi suất liên ngân hàng.pdf
-> File đã có sẵn, bỏ qua: [BSC]_11-6-2026 - Vĩ mô _ Chiến lược thị trường_Báo cáo Vĩ mô_ Đánh giá tình hình nhập siêu 5T2026 của Việt Nam.pdf

--- Đang quét Trang 12 ---
-> File đã có sẵn, bỏ qua: [SSV]_10-6-2026 - Phân tích Ngành_Báo cáo ngành Dầu khí_ Tăng tính chủ động trong nguồn cung.pdf
-> File đã có sẵn, bỏ qua: [OCBS]_10-6-2026 - Vĩ mô _ Chiến lược thị trường_Báo cáo Vĩ mô_ Tháng 06_2025.pdf
-> File đã có sẵn, bỏ qua: [MAS]_10-6-2026 - Vĩ mô _ Chiến lược thị trường_Báo cáo Chiến lược_ Triển vọng nửa cuối năm 2026 _ Tích lũy tại vùng đ.pdf
-> File đã có sẵn, bỏ qua: [PHS]_10-6-2026 - Vĩ mô _ Chiến lược thị trường_Báo cáo Chiến lược_ Tháng 06_2026 _ Khoảng lặng của dòng tiền.pdf
-> File đã có sẵn, bỏ qua: [VDS]_10-6-2026 - Vĩ mô _ Chiến lược thị trường_Báo cáo Vĩ mô_ Tháng 05_2026 _ Động lực tăng trưởng trước phép thử ổn.pdf
-> File đã có sẵn, bỏ qua: [CSI]_10-6-2026 - Vĩ mô _ Chiến lược thị trường_Báo cáo Vĩ mô_ Tháng 05_2026.pdf
-> File đã có sẵn, bỏ qua: [VPX]_10-6-2026 - Báo cáo Chuyên đề_Báo cáo Chuyên đề_ Báo cáo Đầu tư Tài sản _ Tháng 05_2026.pdf
-> File đã có sẵn, bỏ qua: [VFS]_10-6-2026 - Vĩ mô _ Chiến lược thị trường_Báo cáo Vĩ mô_ Tháng 05_2026 _ Áp lực lớn từ bên ngoài_ lạm phát tiến.pdf
-> File đã có sẵn, bỏ qua: [GTJA (Vietnam) ]_10-6-2026 - Vĩ mô _ Chiến lược thị trường_Báo cáo Vĩ mô_ Tháng 05_2026.pdf

--- Đang quét Trang 13 ---
-> File đã có sẵn, bỏ qua: [SSV]_9-6-2026 - Phân tích Ngành_Báo cáo ngành Điện_ Chạy đua với thời gian.pdf
-> File đã có sẵn, bỏ qua: [SSV]_9-6-2026 - Phân tích Ngành_Báo cáo ngành Ngân hàng_ Định giá vẫn ở mức thấp.pdf
-> File đã có sẵn, bỏ qua: [SSV]_9-6-2026 - Phân tích Ngành_Báo cáo ngành BĐS Khu công nghiệp_ Dòng vốn FDI định hình lại cuộc chơi.pdf
-> File đã có sẵn, bỏ qua: [SSV]_9-6-2026 - Phân tích Ngành_Báo cáo ngành Bán lẻ_ Từ mở rộng thị phần sang tối ưu lợi nhuận.pdf
-> File đã có sẵn, bỏ qua: [SSV]_9-6-2026 - Phân tích Ngành_Báo cáo ngành Thép_ Mở đầu chu kỳ tăng trưởng giá thép.pdf
-> File đã có sẵn, bỏ qua: [SSV]_9-6-2026 - Phân tích Ngành_Báo cáo ngành Thực phầm _ Đồ uống_ Trọng điểm là quản trị chi phí.pdf
-> File đã có sẵn, bỏ qua: [SSV]_9-6-2026 - Phân tích Ngành_Báo cáo ngành Dệt may_ Chuyển trọng tâm sang nâng cao chất lượng cốt lõi.pdf

--- Đang quét Trang 14 ---
-> File đã có sẵn, bỏ qua: [ABS]_9-6-2026 - Vĩ mô _ Chiến lược thị trường_Báo cáo Chiến lược_ Tháng 06_2026 _ Kiểm định nội lực trong thách thức.pdf
-> File đã có sẵn, bỏ qua: [MAS]_9-6-2026 - Vĩ mô _ Chiến lược thị trường_Báo cáo Vĩ mô_ Thu hút FDI chất lượng cao thúc đẩy tăng trưởng kinh tế.pdf
-> File đã có sẵn, bỏ qua: [Vietcap]_9-6-2026 - Vĩ mô _ Chiến lược thị trường_Báo cáo Vĩ mô_ Tháng 05_2026 _ Thâm hụt thương mại đạt kỷ lục do tăng.pdf
-> File đã có sẵn, bỏ qua: [VCBS]_9-6-2026 - Vĩ mô _ Chiến lược thị trường_Báo cáo Thị trường Trái phiếu_ Tháng 05_2026.pdf
-> File đã có sẵn, bỏ qua: [ABS]_9-6-2026 - Phân tích Ngành_Báo cáo ngành Ngân hàng_ Tăng trưởng có chọn lọc.pdf
-> File đã có sẵn, bỏ qua: [FPTS]_9-6-2026 - Báo cáo Chuyên đề_Báo cáo Chuyên đề_ Cập nhật ảnh hưởng xung đột Mỹ _ Iran.pdf
-> File đã có sẵn, bỏ qua: [SSV]_8-6-2026 - Phân tích Ngành_Báo cáo ngành Xuất nhập khẩu_ Chuyển dịch từ _lượng_ sang _chất_.pdf
-> File đã có sẵn, bỏ qua: [ACBS]_8-6-2026 - Vĩ mô _ Chiến lược thị trường_Báo cáo Thị trường Trái phiếu_ Q1_2026.pdf
-> File đã có sẵn, bỏ qua: [MAS]_8-6-2026 - Báo cáo Chuyên đề_Báo cáo Chuyên đề_ USTR Section 301 _ Đề xuất áp thuế lao động cưỡng bức _ Tác độn.pdf
-> File đã có sẵn, bỏ qua: [VCBS]_8-6-2026 - Vĩ mô _ Chiến lược thị trường_Báo cáo Vĩ mô_ Tháng 05_2026.pdf

--- Đang quét Trang 15 ---
-> File đã có sẵn, bỏ qua: [VikkiBankS]_8-6-2026 - Vĩ mô _ Chiến lược thị trường_Báo cáo Vĩ mô_ Tháng 05_2026.pdf
-> File đã có sẵn, bỏ qua: [TPS]_8-6-2026 - Vĩ mô _ Chiến lược thị trường_Báo cáo Vĩ mô_  Tháng 06_2026.pdf
-> File đã có sẵn, bỏ qua: [VBMA]_8-6-2026 - Vĩ mô _ Chiến lược thị trường_Báo cáo Thị trường Trái phiếu_ Tháng 05_2026.pdf
-> File đã có sẵn, bỏ qua: [SSI]_8-6-2026 - Vĩ mô _ Chiến lược thị trường_Báo cáo Chiến lược_ Xây nền Dựng sóng.pdf
-> File đã có sẵn, bỏ qua: [SSV]_5-6-2026 - Vĩ mô _ Chiến lược thị trường_Báo cáo Chiến lược_ 2H2026 _ Cơ hội bị bỏ quên.pdf
-> File đã có sẵn, bỏ qua: [Vietstock]_5-6-2026 - Vietstock_ Nghiên cứu _ Phân tích_Technical View_ Tuần 08_12_06_2026.pdf
-> File đã có sẵn, bỏ qua: [Vietstock]_5-6-2026 - Vietstock_ Nghiên cứu _ Phân tích_Vietstock Weekly_ Tuần 08_12_06_2026.pdf
-> File đã có sẵn, bỏ qua: [DSC]_5-6-2026 - Vĩ mô _ Chiến lược thị trường_Báo cáo Vĩ mô_ Tháng 05_2026 _ Kế hoạch tăng trưởng đối diện nhiều thá.pdf
-> File đã có sẵn, bỏ qua: [Vietcap]_5-6-2026 - Vĩ mô _ Chiến lược thị trường_Báo cáo Chiến lược_ Tháng 06_2026 _ Định giá hấp dẫn hỗ trợ khả năng t.pdf
-> File đã có sẵn, bỏ qua: [ACBS]_5-6-2026 - Báo cáo Chuyên đề_Báo cáo ETF_ Dự báo danh mục quỹ VanEck Vietnam _ Xtrackers Vietnam Swap _05_06_20.pdf
-> File đã có sẵn, bỏ qua: [ACBS]_5-6-2026 - Vĩ mô _ Chiến lược thị trường_Báo cáo Vĩ mô_ Tháng 05_2026 _ Sản xuất khởi sắc giữa áp lực chi phí v.pdf
-> File đã có sẵn, bỏ qua: [VIX]_4-6-2026 - Vĩ mô _ Chiến lược thị trường_Báo cáo Vĩ mô_ Một số điểm nhấn về tình hình xuất nhập khẩu trong thán.pdf
-> File đã có sẵn, bỏ qua: [SHS]_4-6-2026 - Vĩ mô _ Chiến lược thị trường_Báo cáo Chiến lược_ Tháng 06_2026.pdf

--- Đang quét Trang 16 ---
-> File đã có sẵn, bỏ qua: [Vietcap]_4-6-2026 - Vĩ mô _ Chiến lược thị trường_Báo cáo Thị trường_ Tháng 05_2026 _ VNIndex tăng nhẹ tháng thứ 2 liên.pdf
-> File đã có sẵn, bỏ qua: [YSVN]_4-6-2026 - Vĩ mô _ Chiến lược thị trường_Báo cáo Vĩ mô_ Sản xuất và Đầu tư là điểm sáng nhưng áp lực ổn định vĩ.pdf

--- Đang quét Trang 17 ---
-> File đã có sẵn, bỏ qua: [AGRISECO]_4-6-2026 - Vĩ mô _ Chiến lược thị trường_Báo cáo Vĩ mô_ Tháng 05_2026.pdf
-> File đã có sẵn, bỏ qua: [KBSV]_4-6-2026 - Báo cáo Chuyên đề_Báo cáo Chuyên đề_ Cập nhật chính sách thuế quan của Mỹ.pdf
-> File đã có sẵn, bỏ qua: [SHS]_3-6-2026 - Vĩ mô _ Chiến lược thị trường_Báo cáo Thị trường Tiền tệ_ Tháng 06_2026.pdf
-> File đã có sẵn, bỏ qua: [SHS]_3-6-2026 - Phân tích Ngành_Báo cáo ngành Ngân hàng_ Q1_2026.pdf
-> File đã có sẵn, bỏ qua: [MBS]_3-6-2026 - Vĩ mô _ Chiến lược thị trường_Báo cáo Thị trường Tiền tệ_ Tỷ giá vững vàng trước nhiều thách thức.pdf
-> File đã có sẵn, bỏ qua: [KBSV]_3-6-2026 - Vĩ mô _ Chiến lược thị trường_Báo cáo Vĩ mô_ Áp lực lạm phát tăng cao.pdf
-> File đã có sẵn, bỏ qua: [TPS]_3-6-2026 - Vĩ mô _ Chiến lược thị trường_Báo cáo Chiến lược_ Tháng 06_2026 _ Kỳ vọng bắt đầu khi nỗi sợ kết thú.pdf
-> File đã có sẵn, bỏ qua: [DSC]_2-6-2026 - Phân tích Ngành_Báo cáo ngành Ngân hàng_ Q1_2026.pdf
-> File đã có sẵn, bỏ qua: [ABS]_2-6-2026 - Phân tích Ngành_Báo cáo ngành Bán lẻ_ KQKD Q1_2026 tăng trưởng vượt trội _ Triển vọng duy trì tích c.pdf
-> File đã có sẵn, bỏ qua: [Vietcap]_2-6-2026 - Phân tích Ngành_Báo cáo ngành Điện_  El Nino xuất hiện trong bối cảnh lượng tiêu thụ điện tăng mạnh.pdf
-> File đã có sẵn, bỏ qua: [KBSV]_2-6-2026 - Báo cáo Chuyên đề_Báo cáo Chuyên đề_ Công văn 4551_NHNN_CSTT _ Nới hạn mức tín dụng bất động sản có.pdf

--- Đang quét Trang 18 ---
-> File đã có sẵn, bỏ qua: [VDS]_2-6-2026 - Vĩ mô _ Chiến lược thị trường_Báo cáo Vĩ mô_ Cung tiền đột ngột giảm.pdf
-> File đã có sẵn, bỏ qua: [YSVN]_2-6-2026 - Báo cáo Chuyên đề_Báo cáo ETF_ Dự báo Danh mục Qũy VanEck Vietnam ETF.pdf
-> File đã có sẵn, bỏ qua: [MAS]_1-6-2026 - Báo cáo Chuyên đề_Báo cáo Chuyên đề_ NHNN tái phân bổ dòng vốn tín dụng bất động sản 2026.pdf
-> File đã có sẵn, bỏ qua: [SSI]_1-6-2026 - Báo cáo Chuyên đề_Báo cáo ETF_ Dự báo thay đổi danh mục ETF kỳ Q2_2026.pdf
-> File đã có sẵn, bỏ qua: [Vietcap]_1-6-2026 - Phân tích Ngành_Báo cáo ngành Sản xuất Phân bón_ Động lực tăng trưởng LNST dự phóng năm 2026 vẫn đượ.pdf
-> File đã có sẵn, bỏ qua: [VNDS]_1-6-2026 - Vĩ mô _ Chiến lược thị trường_Báo cáo Chiến lược_ La bàn đầu tư Tháng 06_2026 _ Thị trường tái tích.pdf

--- Đang quét Trang 19 ---
-> File đã có sẵn, bỏ qua: [OCBS]_1-6-2026 - Phân tích Ngành_Báo cáo ngành Ngân hàng_ Vững nền tăng trưởng_ phân hóa mở ra cơ hội.pdf
-> File đã có sẵn, bỏ qua: [Vietcap]_30-5-2026 - Vĩ mô _ Chiến lược thị trường_Báo cáo Vĩ mô_ Gián đoạn kéo dài tại eo biển Hormuz.pdf
-> File đã có sẵn, bỏ qua: [ACBS]_29-5-2026 - Phân tích Ngành_Báo cáo ngành Ngân hàng_ Tăng trưởng giảm tốc.pdf

--- Đang quét Trang 20 ---
-> File đã có sẵn, bỏ qua: [Vietstock]_29-5-2026 - Vietstock_ Nghiên cứu _ Phân tích_Technical View_ Tuần 01_05_06_2026.pdf
-> File đã có sẵn, bỏ qua: [Vietstock]_29-5-2026 - Vietstock_ Nghiên cứu _ Phân tích_Vietstock Weekly_ Tuần 01_05_06_2026.pdf
-> File đã có sẵn, bỏ qua: [ACBS]_29-5-2026 - Phân tích Ngành_Báo cáo ngành Dầu khí_ Triển vọng tích cực tại phân khúc thượng nguồn _ trung nguồn.pdf
-> File đã có sẵn, bỏ qua: [YSVN]_29-5-2026 - Phân tích Ngành_Báo cáo ngành Khoáng sản_ Thắt chặt kiểm soát tài nguyên quốc gia.pdf
-> File đã có sẵn, bỏ qua: [VIX]_28-5-2026 - Báo cáo Chuyên đề_Báo cáo Chuyên đề_ Lợi suất trái phiếu Mỹ và định hướng tân chủ tịch FED.pdf

--- Đang quét Trang 21 ---
-> File đã có sẵn, bỏ qua: [VIX]_27-5-2026 - Phân tích Ngành_Báo cáo ngành Ngân hàng_ Bức tranh KQKD Q1_2026.pdf
-> File đã có sẵn, bỏ qua: [KAFI]_27-5-2026 - Báo cáo Chuyên đề_Báo cáo Chuyên đề_ Báo cáo Kết quả kinh doanh Q1_2026 _ Đẩy mạnh tăng trưởng.pdf

--- Đang quét Trang 22 ---
-> File đã có sẵn, bỏ qua: [YSVN]_26-5-2026 - Phân tích Ngành_Báo cáo ngành BĐS Nhà ở_ Sự dịch chuyển chính sách _ Hiểu rõ nỗi lo ngại.pdf
-> File đã có sẵn, bỏ qua: [SSI]_26-5-2026 - Phân tích Ngành_Báo cáo ngành Bán lẻ_ Cơ hội tích lũy cho nhà đầu tư dài hạn.pdf
-> File đã có sẵn, bỏ qua: [SHS]_26-5-2026 - Phân tích Ngành_Báo cáo ngành Hàng không_ Tháng 05_2026.pdf

--- Đang quét Trang 23 ---
-> File đã có sẵn, bỏ qua: [MAS]_25-5-2026 - Phân tích Ngành_Báo cáo ngành Cảng biển_ Vững vàng trước áp lực địa chính trị.pdf
-> File đã có sẵn, bỏ qua: [VPX]_22-5-2026 - Phân tích Ngành_Báo cáo ngành Ngân hàng_ Từng bước tiến gần tới chuẩn mực Basel III.pdf

--- Đang quét Trang 24 ---
-> File đã có sẵn, bỏ qua: [NSI]_22-5-2026 - Phân tích Ngành_Báo cáo ngành Bất động sản Dân cư_ Q1_2026.pdf
-> File đã có sẵn, bỏ qua: [Vietstock]_22-5-2026 - Vietstock_ Nghiên cứu _ Phân tích_Technical View_ Tuần 25_29_05_2026.pdf
-> File đã có sẵn, bỏ qua: [Vietstock]_22-5-2026 - Vietstock_ Nghiên cứu _ Phân tích_Vietstock Weekly_ Tuần 25_29_05_2026.pdf
-> File đã có sẵn, bỏ qua: [SHS]_21-5-2026 - Phân tích Ngành_Báo cáo ngành Thương mại điện tử_ Tháng 05_2026.pdf
-> File đã có sẵn, bỏ qua: [MAS]_21-5-2026 - Phân tích Ngành_Báo cáo ngành Cá tra_ Thách thức phía trước.pdf
-> File đã có sẵn, bỏ qua: [VPX]_21-5-2026 - Phân tích Ngành_Báo cáo ngành Ngân hàng_ Tăng trưởng lợi nhuận toàn ngành giảm tốc trong Q1_26.pdf
-> File đã có sẵn, bỏ qua: [VNDS]_21-5-2026 - Vĩ mô _ Chiến lược thị trường_Báo cáo Vĩ mô_ Tháng 05_2026 _ Nền kinh tế Việt Nam tiếp tục mở rộng g.pdf

--- Đang quét Trang 25 ---
-> File đã có sẵn, bỏ qua: [VNDS]_20-5-2026 - Báo cáo Chuyên đề_Báo cáo Chuyên đề_ Đánh giá KQKD _ Q1_2026.pdf
-> File đã có sẵn, bỏ qua: [NSI]_20-5-2026 - Phân tích Ngành_Báo cáo ngành Chứng khoán_ Q1_2026.pdf
-> File đã có sẵn, bỏ qua: [NSI]_20-5-2026 - Phân tích Ngành_Báo cáo ngành Ngân hàng_ Q1_2026.pdf

--- Đang quét Trang 26 ---
-> File đã có sẵn, bỏ qua: [KBSV]_19-5-2026 - Báo cáo Chuyên đề_Báo cáo Chuyên đề_ Bất đồng trong đàm phán.pdf
-> File đã có sẵn, bỏ qua: [KBSV]_19-5-2026 - Báo cáo Chuyên đề_Báo cáo Chuyên đề_ Lợi suất trái phiếu kho bạc Mỹ _ Dự báo và đánh giá tác động.pdf
-> File đã có sẵn, bỏ qua: [ACBS]_19-5-2026 - Vĩ mô _ Chiến lược thị trường_Báo cáo Chiến lược_ Tháng 05_2026 _ Lấy nội lực làm điểm tựa.pdf
-> File đã có sẵn, bỏ qua: [MAS]_19-5-2026 - Phân tích Ngành_Báo cáo ngành Dệt may_ Tín hiệu suy yếu ở các thị trường chính.pdf

--- Đang quét Trang 27 ---
-> File đã có sẵn, bỏ qua: [KAFI]_18-5-2026 - Phân tích Ngành_Báo cáo ngành Ngân hàng_ Đánh giá tác động của Thông tư 08_2026_TT_NHNN.pdf
-> File đã có sẵn, bỏ qua: [Techcombank]_18-5-2026 - Vĩ mô _ Chiến lược thị trường_Báo cáo Vĩ mô_ Tháng 05_2026.pdf
-> File đã có sẵn, bỏ qua: [Vietstock]_15-5-2026 - Vietstock_ Nghiên cứu _ Phân tích_Technical View_ Tuần 18_22_05_2026.pdf
-> File đã có sẵn, bỏ qua: [Vietstock]_15-5-2026 - Vietstock_ Nghiên cứu _ Phân tích_Vietstock Weekly_ Tuần 18_22_05_2026.pdf

--- Đang quét Trang 28 ---
-> File đã có sẵn, bỏ qua: [MBS]_15-5-2026 - Vĩ mô _ Chiến lược thị trường_Báo cáo Thị trường Trái phiếu_ Áp lực TPDN đáo hạn tăng mạnh trong Q2_.pdf
-> File đã có sẵn, bỏ qua: [Vietcap]_15-5-2026 - Phân tích Ngành_Báo cáo ngành Bất động sản Nhà ở_ Lượng giao dịch sơ cấp quý 1 ghi nhận tăng YoY.pdf
-> File đã có sẵn, bỏ qua: [MBS]_15-5-2026 - Phân tích Ngành_Báo cáo ngành Ngân hàng_ Cập nhật Thông tư 08_2026 sửa đổi_ bổ sung Thông tư 22_2019.pdf
-> File đã có sẵn, bỏ qua: [MAS]_15-5-2026 - Phân tích Ngành_Báo cáo ngành Ngân hàng_ Xây dựng nền móng.pdf
-> File đã có sẵn, bỏ qua: [SSI]_15-5-2026 - Vĩ mô _ Chiến lược thị trường_Báo cáo Chiến lược_ Tháng 05_2026 _ Niềm tin tháng Năm.pdf

--- Đang quét Trang 29 ---
-> File đã có sẵn, bỏ qua: [Vietcap]_14-5-2026 - Vĩ mô _ Chiến lược thị trường_Báo cáo Trái phiếu _ Tiền tệ_ Tháng 04_2026 _ Lượng phát hành TPCP tăn.pdf
-> File đã có sẵn, bỏ qua: [SSV]_14-5-2026 - Vĩ mô _ Chiến lược thị trường_Báo cáo Vĩ mô_ Lạm phát tăng cao.pdf
-> File đã có sẵn, bỏ qua: [MBS]_14-5-2026 - Vĩ mô _ Chiến lược thị trường_Báo cáo Vĩ mô_ Tháng 05_2026 _ Lạm phát chưa có dấu hiệu hạ nhiệt.pdf
-> File đã có sẵn, bỏ qua: [VDS]_14-5-2026 - Phân tích Ngành_Báo cáo ngành Chứng khoán_ Liệu có còn động lực tăng trưởng_.pdf

--- Đang quét Trang 30 ---
-> File đã có sẵn, bỏ qua: [Vietcap]_13-5-2026 - Vĩ mô _ Chiến lược thị trường_Báo cáo Vĩ mô_ Tháng 04_2026 _ Lạm phát tăng_ thâm hụt thương mại chạm.pdf
-> File đã có sẵn, bỏ qua: [VDS]_13-5-2026 - Vĩ mô _ Chiến lược thị trường_Báo cáo Vĩ mô_ Tháng 04_2026 _ Thách thức đan xen cơ hội.pdf
-> File đã có sẵn, bỏ qua: [SHS]_13-5-2026 - Phân tích Ngành_Báo cáo ngành Ngân hàng_ Dự thảo Thông tư thay thế Thông tư 22_2019_TT_NHNN.pdf
-> File đã có sẵn, bỏ qua: [ABS]_13-5-2026 - Phân tích Ngành_Báo cáo ngành Phân bón_ KQKD Q1_2026 bùng nổ_ triển vọng cả năm tích cực.pdf
-> File đã có sẵn, bỏ qua: [ACBS]_13-5-2026 - Báo cáo Chuyên đề_Báo cáo Chuyên đề_ Dự thảo Luật đất đai sửa đổi.pdf
-> File đã có sẵn, bỏ qua: [GTJA (Vietnam) ]_13-5-2026 - Phân tích Ngành_Báo cáo ngành Ngân hàng_ Cập nhật KQKD Q1_2026 và Chính sách.pdf

--- Đang quét Trang 31 ---
-> File đã có sẵn, bỏ qua: [VNDS]_13-5-2026 - Phân tích Ngành_Báo cáo ngàng Ngân hàng_ Vững bước đi lên.pdf
-> File đã có sẵn, bỏ qua: [Vietinbank Securities]_13-5-2026 - Vĩ mô _ Chiến lược thị trường_Báo cáo Vĩ mô_ Tháng 05_2026.pdf
-> File đã có sẵn, bỏ qua: [BSC]_12-5-2026 - Vĩ mô _ Chiến lược thị trường_Báo cáo Vĩ mô_ Cập nhật thay đổi tài liệu FAQ v1_2 của FTSE.pdf

--- Đang quét Trang 32 ---
-> File đã có sẵn, bỏ qua: [TPS]_12-5-2026 - Vĩ mô _ Chiến lược thị trường_Báo cáo Vĩ mô_ Tháng 05_2026.pdf
-> File đã có sẵn, bỏ qua: [PHS]_11-5-2026 - Vĩ mô _ Chiến lược thị trường_Báo cáo Chiến lược_ Tháng 05_2026 _ Thận trọng trước bóng mây dịa chín.pdf

--- Đang quét Trang 33 ---
-> File đã có sẵn, bỏ qua: [BSC]_11-5-2026 - Báo cáo Chuyên đề_Báo cáo Chuyên đề_ Hoạt động cổ phần hóa_ thoái vốn Doanh nghiệp Nhà nước.pdf
-> File đã có sẵn, bỏ qua: [CSI]_11-5-2026 - Vĩ mô _ Chiến lược thị trường_Báo cáo Vĩ mô_ Tháng 04_2026.pdf
-> File đã có sẵn, bỏ qua: [VPX]_11-5-2026 - Báo cáo Chuyên đề_Báo cáo Chuyên đề_ Báo cáo Đầu tư Tài sản _ Tháng 04_2026.pdf
-> File đã có sẵn, bỏ qua: [ABS]_11-5-2026 - Vĩ mô _ Chiến lược thị trường_Báo cáo Chiến lược_ Tháng 05_2026 _ Triển vọng hòa bình Trung Đông hỗ.pdf
-> File đã có sẵn, bỏ qua: [DSC]_11-5-2026 - Vĩ mô _ Chiến lược thị trường_Báo cáo Vĩ mô_ Tháng 04_2026 _ Xung đột kéo dài_ Dư địa tăng trưởng th.pdf

--- Đang quét Trang 34 ---
-> File đã có sẵn, bỏ qua: [AGRISECO]_11-5-2026 - Vĩ mô _ Chiến lược thị trường_Báo cáo Vĩ mô_ Tháng 04_2026.pdf
-> File đã có sẵn, bỏ qua: [VNDS]_8-5-2026 - Vĩ mô _ Chiến lược thị trường_Báo cáo Trái phiếu _ Tiền tệ_ Lạm phát tăng mạnh thu hẹp dư địa hạ nhi.pdf
-> File đã có sẵn, bỏ qua: [VCBS]_8-5-2026 - Báo cáo Chuyên đề_Báo cáo Chuyên đề_ Hàng hóa Quý 2_2026.pdf
-> File đã có sẵn, bỏ qua: [VNDS]_8-5-2026 - Vĩ mô _ Chiến lược thị trường_Báo cáo Chiến lược_ La bàn đầu tư Tháng 05_2026 _ Nắm bắt cơ hội trước.pdf
-> File đã có sẵn, bỏ qua: [Vietstock]_8-5-2026 - Vietstock_ Nghiên cứu _ Phân tích_Technical View_ Tuần 11_15_05_2026.pdf

--- Đang quét Trang 35 ---
-> File đã có sẵn, bỏ qua: [Vietstock]_8-5-2026 - Vietstock_ Nghiên cứu _ Phân tích_Vietstock Weekly_ Tuần 11_15_05_2026.pdf
-> File đã có sẵn, bỏ qua: [VBMA]_8-5-2026 - Vĩ mô _ Chiến lược thị trường_Báo cáo Thị trường Trái phiếu_ Tháng 04_2026.pdf
-> File đã có sẵn, bỏ qua: [ACBS]_8-5-2026 - Báo cáo Chuyên đề_Báo cáo Chuyên đề_ Nâng hạng thị trường _08_05_2026_.pdf
-> File đã có sẵn, bỏ qua: [SSI]_8-5-2026 - Báo cáo Chuyên đề_Báo cáo ETF_ Dự báo thay đổi danh mục ETF kỳ Q1_2026.pdf
-> File đã có sẵn, bỏ qua: [VNDS]_7-5-2026 - Vĩ mô _ Chiến lược thị trường_Cập nhật Diễn biến Dòng tiền_ Tháng 04_2026 _ Dòng vốn toàn cầu trở lạ.pdf
-> File đã có sẵn, bỏ qua: [VCBS]_7-5-2026 - Vĩ mô _ Chiến lược thị trường_Báo cáo Vĩ mô_ Tháng 04_2026.pdf
-> File đã có sẵn, bỏ qua: [VCBS]_7-5-2026 - Vĩ mô _ Chiến lược thị trường_Báo cáo Thị trường Trái phiếu_ Tháng 04_2026.pdf
-> File đã có sẵn, bỏ qua: [ACBS]_7-5-2026 - Báo cáo Chuyên đề_Báo cáo Chuyên đề_ Dự thảo sửa đổi Thông tư 22 _ ngành Ngân hàng.pdf
-> File đã có sẵn, bỏ qua: [MAS]_7-5-2026 - Báo cáo Chuyên đề_Báo cáo Chuyên đề_ Danh mục khuyến nghị _trung _ dài hạn_ _ Tháng 05_2026.pdf

--- Đang quét Trang 36 ---

--- Đang quét Trang 37 ---
-> File đã có sẵn, bỏ qua: [TPS]_7-5-2026 - Vĩ mô _ Chiến lược thị trường_Báo cáo Chiến lược_ Tháng 05_2026 _ Thị trường bước vào giai đoạn chọn.pdf
-> File đã có sẵn, bỏ qua: [SHS]_7-5-2026 - Vĩ mô _ Chiến lược thị trường_Báo cáo Chiến lược_ Tháng 05_2026.pdf
-> File đã có sẵn, bỏ qua: [MAS]_7-5-2026 - Vĩ mô _ Chiến lược thị trường_Báo cáo Vĩ mô_ Khơi thông nguồn lực thúc đẩy tăng trưởng kinh tế.pdf
-> File đã có sẵn, bỏ qua: [OCBS]_7-5-2026 - Vĩ mô _ Chiến lược thị trường_Báo cáo Vĩ mô_ Tháng 05_2026.pdf
-> File đã có sẵn, bỏ qua: [GTJA (Vietnam) ]_6-5-2026 - Vĩ mô _ Chiến lược thị trường_Báo cáo Chiến lược_ Tháng 05_202 _ Sức nóng lan tỏa_ Bắt sóng Điện_Tiê.pdf
-> File đã có sẵn, bỏ qua: [SHS]_6-5-2026 - Vĩ mô _ Chiến lược thị trường_Báo cáo Thị trường Tiền tệ _ Trái phiếu_ Tháng 05_2026.pdf
-> File đã có sẵn, bỏ qua: [YSVN]_6-5-2026 - Vĩ mô _ Chiến lược thị trường_Báo cáo Vĩ mô_ Tháng 04_2026 _ Ổn định trong thách thức.pdf
-> File đã có sẵn, bỏ qua: [ACBS]_6-5-2026 - Vĩ mô _ Chiến lược thị trường_Báo cáo Vĩ mô_ Tháng 04_2026 _ Tín hiệu sớm của rủi ro lạm phát.pdf
-> File đã có sẵn, bỏ qua: [Vietcap]_6-5-2026 - Vĩ mô _ Chiến lược thị trường_Báo cáo Chiến lược_ Tháng 05_2026 _ VNI có thể lập mức cao mới bất chấ.pdf
-> File đã có sẵn, bỏ qua: [MBS]_6-5-2026 - Vĩ mô _ Chiến lược thị trường_Báo cáo Thị trường Tiền tệ_ Lãi suất huy động hạ nhiệt tích cực.pdf

--- Đang quét Trang 38 ---
-> File đã có sẵn, bỏ qua: [Vietcap]_6-5-2026 - Vĩ mô _ Chiến lược thị trường_Báo cáo Thị trường_ Tháng 04_2026 _ VNIndex phục hồi trong nhờ các cổ.pdf
-> File đã có sẵn, bỏ qua: [GTJA (Vietnam) ]_5-5-2026 - Phân tích Ngành_Báo cáo ngành Ô tô_ Gia hạn lực đẩy chính sách.pdf

--- Đang quét Trang 39 ---
-> File đã có sẵn, bỏ qua: [MAS]_5-5-2026 - Vĩ mô _ Chiến lược thị trường_Báo cáo Vĩ mô _ Chiến lược_ Đánh giá lạm phát tháng 4 và các kịch bản.pdf

--- Đang quét Trang 40 ---
-> File đã có sẵn, bỏ qua: [SSI]_5-5-2026 - Phân tích Ngành_Báo cáo ngành Ngân hàng_ Lộ trình chuyển tiếp Basel III trong tầm kiểm soát.pdf
-> File đã có sẵn, bỏ qua: [SSI]_5-5-2026 - Phân tích Ngành_Báo cáo ngành Ngân hàng_ Lợi nhuận tăng mạnh_ nhưng NIM và chất lượng tài sản cần ch.pdf
-> File đã có sẵn, bỏ qua: [KBSV]_4-5-2026 - Vĩ mô _ Chiến lược thị trường_Báo cáo Vĩ mô_ Cán cân thương mại tháng 4 _ Đảo chiều so với cùng kỳ.pdf
-> File đã có sẵn, bỏ qua: [KBSV]_4-5-2026 - Vĩ mô _ Chiến lược thị trường_Báo cáo Vĩ mô_ Áp lực lạm phát tăng mạnh.pdf
-> File đã có sẵn, bỏ qua: [VIS Rating]_4-5-2026 - Phân tích Ngành_Báo cáo ngành Bất động sản nhà ở_ Tín dụng thắt chặt sẽ thúc đẩy sự phân hóa của các.pdf
-> File đã có sẵn, bỏ qua: [MAS]_4-5-2026 - Vĩ mô _ Chiến lược thị trường_Báo cáo Chiến lược_ Tháng 05_2026 _ Những điểm nhấn mùa ĐHĐCĐ.pdf

--- Đang quét Trang 41 ---
-> File đã có sẵn, bỏ qua: [GTJA (Vietnam) ]_29-4-2026 - Vĩ mô _ Chiến lược thị trường_Báo cáo Vĩ mô_ Cập nhật Q1_2026 và nửa đầu tháng 4.pdf

--- Đang quét Trang 42 ---
-> File đã có sẵn, bỏ qua: [Vietstock]_29-4-2026 - Vietstock_ Nghiên cứu _ Phân tích_Technical View_ Tuần 04_08_05_2026.pdf
-> File đã có sẵn, bỏ qua: [Vietstock]_29-4-2026 - Vietstock_ Nghiên cứu _ Phân tích_Vietstock Weekly_ Tuần 04_08_05_2026.pdf

--- Đang quét Trang 43 ---
-> File đã có sẵn, bỏ qua: [PHS]_29-4-2026 - Phân tích Ngành_Báo cáo ngành Phân bón_ Hưởng lợi từ cú sốc nguồn cung toàn cầu.pdf
-> File đã có sẵn, bỏ qua: [GTJA (Vietnam) ]_28-4-2026 - Phân tích Ngành_Báo cáo ngành Bất động sản_ Cập nhật 2026.pdf

--- Đang quét Trang 44 ---
-> File đã có sẵn, bỏ qua: [NHSV]_28-4-2026 - Phân tích Ngành_Báo cáo ngành Thép_ Tháng 04_2026.pdf
-> File đã có sẵn, bỏ qua: [MAS]_28-4-2026 - Báo cáo Chuyên đề_Báo cáo ETF_ Danh mục cơ cấu ETF kỳ Q2_2026.pdf
-> File đã có sẵn, bỏ qua: [MAS]_28-4-2026 - Vĩ mô _ Chiến lược thị trường_Báo cáo Vĩ mô_ FDI _ Chiến lược bán dẫn trong chu kỳ tăng trưởng mới.pdf
-> File đã có sẵn, bỏ qua: [MAS]_24-4-2026 - Phân tích Ngành_Báo cáo ngành Thép _ Tôn mạ_ Chu kỳ tồn kho thúc đẩy biên lợi nhuận.pdf

--- Đang quét Trang 45 ---
-> File đã có sẵn, bỏ qua: [Vietstock]_24-4-2026 - Vietstock_ Nghiên cứu _ Phân tích_Technical View_ Tuần 27_28_04_2026.pdf
-> File đã có sẵn, bỏ qua: [Vietstock]_24-4-2026 - Vietstock_ Nghiên cứu _ Phân tích_Vietstock Weekly_ Tuần 27_28_04_2026.pdf

--- Đang quét Trang 46 ---
-> File đã có sẵn, bỏ qua: [SSV]_23-4-2026 - Phân tích Ngành_Báo cáo ngành Bất động sản_ Thị trường hồi phục có chọn lọc.pdf
-> File đã có sẵn, bỏ qua: [Vietcap]_23-4-2026 - Vĩ mô _ Chiến lược thị trường_Báo cáo Vĩ mô_ Thị trường lao động vẫn khả quan dù bị ảnh hưởng bởi yế.pdf

--- Đang quét Trang 47 ---
-> File đã có sẵn, bỏ qua: [BSC]_22-4-2026 - Phân tích Ngành_Báo cáo ngành Bất động sản_ Cơ hội mở ra sau giai đoạn thử thách.pdf

--- Đang quét Trang 48 ---

--- Đang quét Trang 49 ---
-> File đã có sẵn, bỏ qua: [MAS]_22-4-2026 - Phân tích Ngành_Báo cáo ngành Điện_ Bình minh rực rỡ.pdf
-> File đã có sẵn, bỏ qua: [OCBS]_21-4-2026 - Vĩ mô _ Chiến lược thị trường_Báo cáo Vĩ mô_ Tháng 04_2026.pdf

--- Đang quét Trang 50 ---
-> File đã có sẵn, bỏ qua: [VNDS]_21-4-2026 - Vĩ mô _ Chiến lược thị trường_Báo cáo Vĩ mô_ Tháng 4_2026 _ Xung đột Trung Đông thách thức tăng trưở.pdf
-> File đã có sẵn, bỏ qua: [SSV]_21-4-2026 - Vĩ mô _ Chiến lược thị trường_Báo cáo Vĩ mô_ Giá dầu khiến lạm phát tăng mạnh.pdf
-> File đã có sẵn, bỏ qua: [MBS]_21-4-2026 - Vĩ mô _ Chiến lược thị trường_Báo cáo Thị trường Trái phiếu_ Áp lực đáo hạn TPDN tăng cao trong Q2.pdf

--- Đang quét Trang 51 ---
-> File đã có sẵn, bỏ qua: [VCBS]_20-4-2026 - Vĩ mô _ Chiến lược thị trường_Báo cáo Thị trường Trái phiếu_ Q1_2026.pdf
-> File đã có sẵn, bỏ qua: [KBSV]_20-4-2026 - Vĩ mô _ Chiến lược thị trường_Báo cáo Vĩ mô_ Triển vọng kinh tế 2Q2026 _ Chờ _Thiên Thời_.pdf
-> File đã có sẵn, bỏ qua: [MBS]_20-4-2026 - Vĩ mô _ Chiến lược thị trường_Báo cáo Vĩ mô_ Tháng 4_2026 _ Khởi đầu tích cực_ thách thức vẫn còn.pdf
-> File đã có sẵn, bỏ qua: [VDS]_17-4-2026 - Phân tích Ngành_Báo cáo ngành Dệt may_ Chờ ngày nắng lên.pdf
-> File đã có sẵn, bỏ qua: [Techcombank]_17-4-2026 - Vĩ mô _ Chiến lược thị trường_Báo cáo Vĩ mô_ Tháng 04_2026.pdf

--- Đang quét Trang 52 ---
-> File đã có sẵn, bỏ qua: [Vietstock]_17-4-2026 - Vietstock_ Nghiên cứu _ Phân tích_Technical View_ Tuần 20_24_04_2026.pdf
-> File đã có sẵn, bỏ qua: [Vietstock]_17-4-2026 - Vietstock_ Nghiên cứu _ Phân tích_Vietstock Weekly_ Tuần 20_24_04_2026.pdf
-> File đã có sẵn, bỏ qua: [KBSV]_16-4-2026 - Báo cáo Chuyên đề_Báo cáo Chuyên đề_ Thông tư 22_2019_TT_NHNN.pdf
-> File đã có sẵn, bỏ qua: [ACBS]_16-4-2026 - Vĩ mô _ Chiến lược thị trường_Báo cáo Chiến lược_ Tháng 04_2026 _ Toàn lực tăng trưởng trước thách t.pdf
-> File đã có sẵn, bỏ qua: [AGRISECO]_16-4-2026 - Báo cáo Chuyên đề_Báo cáo Chuyên đề_ Đầu tư công và Các cơ hội trên thị trường chứng khoán.pdf
-> File đã có sẵn, bỏ qua: [KAFI]_16-4-2026 - Vĩ mô _ Chiến lược thị trường_Báo cáo Vĩ mô_ Tháng 03_2026 _ Động lực tăng trưởng từ khu vực sản xuấ.pdf

--- Đang quét Trang 53 ---
-> File đã có sẵn, bỏ qua: [VNDS]_15-4-2026 - Vĩ mô _ Chiến lược thị trường_Cập nhật Diễn biến Dòng tiền_ Tháng 03_2026 _ Dòng vốn toàn cầu chậm l.pdf
-> File đã có sẵn, bỏ qua: [MBS]_15-4-2026 - Báo cáo Chuyên đề_Báo cáo Chuyên đề_ Dự báo danh mục VNDiamond trong kỳ rà soát Q2_26.pdf
-> File đã có sẵn, bỏ qua: [Vietinbank Securities]_15-4-2026 - Vĩ mô _ Chiến lược thị trường_Báo cáo Vĩ mô_ Q1_2026.pdf
-> File đã có sẵn, bỏ qua: [KAFI]_14-4-2026 - Phân tích Ngành_Báo cáo ngành Hóa chất _ Phân bón_ Vị thế chiến lược và Chu kỳ phục hồi.pdf

--- Đang quét Trang 54 ---
-> File đã có sẵn, bỏ qua: [KAFI]_14-4-2026 - Vĩ mô _ Chiến lược thị trường_Báo cáo Chiến lược_ Q2_2026 _ Thử vàng trong lửa.pdf
-> File đã có sẵn, bỏ qua: [VDS]_14-4-2026 - Phân tích Ngành_Báo cáo ngành Ngân hàng_ Vững vàng giữa sóng ngầm.pdf
-> File đã có sẵn, bỏ qua: [VDS]_14-4-2026 - Phân tích Ngành_Báo cáo ngành Dầu khí_ Thượng nguồn dẫn dắt tăng trưởng.pdf

--- Đang quét Trang 55 ---
-> File đã có sẵn, bỏ qua: [VCBS]_14-4-2026 - Vĩ mô _ Chiến lược thị trường_Báo cáo Vĩ mô_ Q1_2026.pdf
-> File đã có sẵn, bỏ qua: [Vietcap]_14-4-2026 - Vĩ mô _ Chiến lược thị trường_Báo cáo Vĩ mô_ Tháng 03_2026 _ Tăng trưởng GDP quý 1_2026 đạt mức cao.pdf
-> File đã có sẵn, bỏ qua: [PSI]_14-4-2026 - Vĩ mô _ Chiến lược thị trường_Báo cáo Chiến lược_ Q2_2026.pdf
-> File đã có sẵn, bỏ qua: [VFS]_13-4-2026 - Vĩ mô _ Chiến lược thị trường_Báo cáo Vĩ mô_ Nhiều gam màu sáng trở lại _ Tiêu dùng bứt phá _ FDI tr.pdf
-> File đã có sẵn, bỏ qua: [TPS]_13-4-2026 - Vĩ mô _ Chiến lược thị trường_Báo cáo Vĩ mô_ Tháng 4_2026.pdf
-> File đã có sẵn, bỏ qua: [BVS]_13-4-2026 - Vĩ mô _ Chiến lược thị trường_Báo cáo Vĩ mô_ Q1_2026.pdf
-> File đã có sẵn, bỏ qua: [OCBS]_10-4-2026 - Phân tích Ngành_Báo cáo ngành Ngân hàng_ Tăng trưởng duy trì _ Triển vọng phục hồi.pdf

--- Đang quét Trang 56 ---
-> File đã có sẵn, bỏ qua: [MAS]_10-4-2026 - Phân tích Ngành_Báo cáo ngành Ngân hàng_ Lãi suất _ _Ổn định_ hơn _nới lỏng_.pdf
-> File đã có sẵn, bỏ qua: [VDS]_10-4-2026 - Vĩ mô _ Chiến lược thị trường_Báo cáo Vĩ mô_ Q1_2026 _ Dĩ bất biến_ Ứng vạn biến.pdf
-> File đã có sẵn, bỏ qua: [BSC]_10-4-2026 - Vĩ mô _ Chiến lược thị trường_Báo cáo Vĩ mô_ Tháng 04_2026 _ FTSE Russell xác nhận lộ trình nâng hạn.pdf
-> File đã có sẵn, bỏ qua: [MAS]_10-4-2026 - Vĩ mô _ Chiến lược thị trường_Báo cáo Vĩ mô _ Chiến lược_ Vượt qua vùng nhiễu động.pdf
-> File đã có sẵn, bỏ qua: [AGRISECO]_10-4-2026 - Vĩ mô _ Chiến lược thị trường_Báo cáo Vĩ mô_ Cập nhật Q1_2026.pdf
-> File đã có sẵn, bỏ qua: [ACBS]_10-4-2026 - Vĩ mô _ Chiến lược thị trường_Báo cáo Vĩ mô_ Hệ thống ngân hàng thương mại đồng loạt giảm lãi suất.pdf
-> File đã có sẵn, bỏ qua: [VPX]_10-4-2026 - Báo cáo Chuyên đề_Báo cáo Chuyên đề_ Báo cáo Đầu tư đa kênh Tài sản _ Tháng 3_2026.pdf
-> File đã có sẵn, bỏ qua: [KAFI]_10-4-2026 - Phân tích Ngành_Báo cáo ngành Ngân hàng_ Ngọc trong cát.pdf
-> File đã có sẵn, bỏ qua: [PSI]_10-4-2026 - Vĩ mô _ Chiến lược thị trường_Báo cáo Vĩ mô_ Q1_2026.pdf
-> File đã có sẵn, bỏ qua: [ABS]_10-4-2026 - Vĩ mô _ Chiến lược thị trường_Báo cáo Chiến lược_ Tháng 04_2026 _ Sau cơn mưa trời lại sáng.pdf
-> File đã có sẵn, bỏ qua: [Vietstock]_10-4-2026 - Vietstock_ Nghiên cứu _ Phân tích_Technical View_ Tuần 13_17_04_2026.pdf
-> File đã có sẵn, bỏ qua: [Vietstock]_10-4-2026 - Vietstock_ Nghiên cứu _ Phân tích_Vietstock Weekly_ Tuần 13_17_04_2026.pdf
-> File đã có sẵn, bỏ qua: [GTJA (Vietnam) ]_9-4-2026 - Vĩ mô _ Chiến lược thị trường_Báo cáo Chiến lược_ Tháng 04_2026 _ Sóng nằm trong sóng.pdf
-> File đã có sẵn, bỏ qua: [NSI]_9-4-2026 - Vĩ mô _ Chiến lược thị trường_Báo cáo Vĩ mô_ Tháng 03_2026.pdf

--- Đang quét Trang 57 ---
-> File đã có sẵn, bỏ qua: [CSI]_9-4-2026 - Vĩ mô _ Chiến lược thị trường_Báo cáo Vĩ mô_ Q1_2026.pdf
-> File đã có sẵn, bỏ qua: [MBS]_9-4-2026 - Phân tích Ngành_Báo cáo ngành Dầu khí_ Dư_ báo KQKD Q1_2026 _ tăng trưởng bứt phá nhờ giá dầu tăng c.pdf
-> File đã có sẵn, bỏ qua: [VNDS]_9-4-2026 - Vĩ mô _ Chiến lược thị trường_Báo cáo Trái phiếu _ Tiền tệ_ NHNN tiếp tục can thiệp để ổn định tỷ gi.pdf
-> File đã có sẵn, bỏ qua: [PHS]_9-4-2026 - Vĩ mô _ Chiến lược thị trường_Báo cáo Chiến lược_ Tháng 04_2026 _ Khoảng dịu mát giữa mùa khắc nghiệ.pdf
-> File đã có sẵn, bỏ qua: [YSVN]_9-4-2026 - Vĩ mô _ Chiến lược thị trường_Báo cáo Vĩ mô_ Tháng 03_2026 _ Tăng trưởng quý 1 tích cực nhưng áp lực.pdf
-> File đã có sẵn, bỏ qua: [SSI]_8-4-2026 - Vĩ mô _ Chiến lược thị trường_Báo cáo Chiến lược_ Tháng 04_2026 _ Lấy đà.pdf
-> File đã có sẵn, bỏ qua: [VBMA]_8-4-2026 - Vĩ mô _ Chiến lược thị trường_Báo cáo Thị trường Trái phiếu_ Tháng 03_2026.pdf
-> File đã có sẵn, bỏ qua: [BSC]_8-4-2026 - Báo cáo Chuyên đề_Báo cáo Chuyên đề_ FTSE Russell chính thức thông báo nâng hạng TTCK Việt Nam.pdf
-> File đã có sẵn, bỏ qua: [KBSV]_8-4-2026 - Báo cáo Chuyên đề_Báo cáo Chuyên đề_ Mỹ và Iran đạt được thỏa thuận.pdf

--- Đang quét Trang 58 ---
-> File đã có sẵn, bỏ qua: [BVS]_8-4-2026 - Báo cáo Chuyên đề_Báo cáo Chuyên đề_ Nâng hạng thị trường.pdf
-> File đã có sẵn, bỏ qua: [VNDS]_8-4-2026 - Báo cáo Chuyên đề_Báo cáo Sự kiện_ FTSE Russell xác nhận lộ trình nâng hạng TTCK Việt Nam.pdf
-> File đã có sẵn, bỏ qua: [KBSV]_8-4-2026 - Báo cáo Chuyên đề_Báo cáo Chuyên đề_ Nâng hạn thị trường _ Cập nhật kỳ đánh giá 04_2026.pdf
-> File đã có sẵn, bỏ qua: [KBSV]_8-4-2026 - Vĩ mô _ Chiến lược thị trường_Báo cáo Chiến lược_ Triển vọng TTCK Việt Nam 2Q2026.pdf
-> File đã có sẵn, bỏ qua: [ACBS]_8-4-2026 - Báo cáo Chuyên đề_Báo cáo Chuyên đề_ Nâng hạng thị trường.pdf
-> File đã có sẵn, bỏ qua: [ACBS]_8-4-2026 - Báo cáo Chuyên đề_Báo cáo ETF_ Dự báo danh mục VNDIAMOND.pdf
-> File đã có sẵn, bỏ qua: [ACBS]_8-4-2026 - Vĩ mô _ Chiến lược thị trường_Báo cáo Vĩ mô_ Tháng 3_2026 _ Khởi đầu thuận lợi trước các thách thức.pdf
-> File đã có sẵn, bỏ qua: [MBS]_8-4-2026 - Phân tích Ngành_Báo cáo ngành Điện_ Vai trò quan trọng của NLTT trong bối cảnh rủi ro an ninh năng l.pdf
-> File đã có sẵn, bỏ qua: [MBS]_8-4-2026 - Phân tích Ngành_Báo cáo ngành Tiêu du_ng _ Bán lẻ_ Bán lẻ hiê_n đa_i tiê_p đa_ mơ_ rô_ng.pdf
-> File đã có sẵn, bỏ qua: [FPTS]_8-4-2026 - Báo cáo Chuyên đề_Báo cáo Chuyên đề_ Dự báo thay đổi thành phần chỉ số VNDIAMOND_VNFINSELECT Tháng 4.pdf
-> File đã có sẵn, bỏ qua: [MAS]_8-4-2026 - Báo cáo Chuyên đề_Báo cáo chuyên đề_ Thị trường Chứng khoán nâng hạng _ Vị thế mới_ Dòng vốn mới.pdf

--- Đang quét Trang 59 ---
-> File đã có sẵn, bỏ qua: [DSC]_8-4-2026 - Vĩ mô _ Chiến lược thị trường_Báo cáo Vĩ mô_ Tha_ng 03_2026 _ Ứng phó trong bối cảnh xung đột kéo dà.pdf
-> File đã có sẵn, bỏ qua: [MAS]_7-4-2026 - Vĩ mô _ Chiến lược thị trường_Báo cáo Vĩ mô_ Thúc đẩy các động lực tăng trưởng trước nhiều thách thứ.pdf
-> File đã có sẵn, bỏ qua: [SHS]_7-4-2026 - Vĩ mô _ Chiến lược thị trường_Báo cáo Thị trường Tiền tệ _ Trái phiếu_ Tháng 4_2026.pdf
-> File đã có sẵn, bỏ qua: [PSI]_7-4-2026 - Phân tích Ngành_Báo cáo ngành Xây dựng _ Đầu tư công_ Cập nhật các dự án trọng điểm _ Q1_2026.pdf
-> File đã có sẵn, bỏ qua: [VNDS]_7-4-2026 - Vĩ mô _ Chiến lược thị trường_Báo cáo Chiến lược_ La bàn đầu tư Tháng 4_2026 _ Nắm bắt cơ hội trước.pdf
-> File đã có sẵn, bỏ qua: [SSV]_7-4-2026 - Vĩ mô _ Chiến lược thị trường_Báo cáo Chiến lược_ Chiến lược _barbell_ cho giai đoạn bất ổn.pdf
-> File đã có sẵn, bỏ qua: [Vietcap]_7-4-2026 - Vĩ mô _ Chiến lược thị trường_Báo cáo Trái phiếu _ Tiền tệ_ Tháng 03_2026 _ NHNN bán ngoại tệ kỳ hạn.pdf
-> File đã có sẵn, bỏ qua: [Vietcap]_6-4-2026 - Vĩ mô _ Chiến lược thị trường_Báo cáo Vĩ mô_ Việt Nam chủ động ứng phó với các thay đổi nhân khẩu họ.pdf
-> File đã có sẵn, bỏ qua: [SHS]_6-4-2026 - Vĩ mô _ Chiến lược thị trường_Báo cáo chiến lược_ Tháng 4_2026.pdf
-> File đã có sẵn, bỏ qua: [TPS]_6-4-2026 - Vĩ mô _ Chiến lược thị trường_Báo cáo Chiến lược_ Tháng 04_2026.pdf
-> File đã có sẵn, bỏ qua: [BVS]_6-4-2026 - Vĩ mô _ Chiến lược thị trường_Báo cáo Triển vọng Thị trường Chứng khoán_ Quý 2_2026.pdf

--- Đang quét Trang 60 ---
-> File đã có sẵn, bỏ qua: [MAS]_6-4-2026 - Báo cáo Chuyên đề_Báo cáo Chuyên đề_ Dự báo cổ phiếu thành phần chỉ số Q2_2026.pdf
-> File đã có sẵn, bỏ qua: [SSI]_4-4-2026 - Báo cáo Chuyên đề_Báo cáo Chuyên đề_ Nâng hạng thị trường_ một chu kỳ đang thức giấc.pdf

--- Đang quét Trang 61 ---
-> File đã có sẵn, bỏ qua: [VPX]_3-4-2026 - Phân tích Ngành_Báo cáo ngành Bất động sản Dân cư_ Lùi một bước để tiến ba bước.pdf
-> File đã có sẵn, bỏ qua: [ACBS]_3-4-2026 - Phân tích Ngành_Báo cáo ngành Bất động sản dân dụng_ Lửa thử vàng.pdf
-> File đã có sẵn, bỏ qua: [MAS]_3-4-2026 - Báo cáo Chuyên đề_Báo cáo Chuyên đề_ Xung Đột Iran _ Hệ Quả Đối Với Giá Dầu_ Lạm Phát và Chính Sách.pdf
-> File đã có sẵn, bỏ qua: [Vietcap]_3-4-2026 - Vĩ mô _ Chiến lược thị trường_Báo cáo chiến lược_ Tháng 4_2026 _ Thị trường đang trong quá trình tạo.pdf
-> File đã có sẵn, bỏ qua: [Vietstock]_3-4-2026 - Vietstock_ Nghiên cứu _ Phân tích_Technical View_ Tuần 06_10_04_2026.pdf
-> File đã có sẵn, bỏ qua: [Vietstock]_3-4-2026 - Vietstock_ Nghiên cứu _ Phân tích_Vietstock Weekly_ Tuần 06_10_04_2026.pdf

--- Đang quét Trang 62 ---

🛑 Đã chạm đến mốc thời gian cũ hơn 3 tháng. Ngưng quét.

🎉 HOÀN TẤT CHIẾN DỊCH! Tổng cộng đã bế về: 16 báo cáo Vĩ mô & Ngành.
[dotenv@17.3.1] injecting env (29) from .env.local -- tip: ⚙️  specify custom .env file path with { path: '/custom/path/.env' }
[06:00:02 1/8/2026] 🚀 ===== BẮT ĐẦU MACRO PIPELINE =====
[06:00:02 1/8/2026] 📅 Thời gian chạy: 2026-07-31T23:00:02.233Z
[06:00:02 1/8/2026] 📡 Bước 1/2: Cào báo cáo Vĩ mô từ VietStock...
🚀 Bắt đầu quét Báo cáo Vĩ mô & Ngành (3 tháng gần đây)...
📡 Đang lấy cookie và token xác thực từ VietStock...
[06:00:02 1/8/2026] 📊 Bước 2/2: Đồng bộ chỉ số vĩ mô từ GSO/NSO (GDP, CPI, IIP)...
[06:00:59 1/8/2026] Kết quả đồng bộ GSO:
Connecting to Supabase...
=== Seeding Metadata (Categories & Indicators) ===
  [.] Category exists: Tài khoản quốc gia (GDP)
  [.] Category exists: Chỉ số giá và lạm phát
  [.] Category exists: Sản xuất công nghiệp
  [+] Updated indicator: Tổng sản phẩm quốc nội (GDP thực tế)
  [+] Updated indicator: Chỉ số giá tiêu dùng (CPI)
  [+] Updated indicator: Chỉ số sản xuất công nghiệp (IIP)

--- Processing indicator: NGDP_R_PA_XDC ---
Downloading Excel from GSO: http://nsdp.nso.gov.vn/GSO-chung/Tu%E1%BA%A5n%20Anh/excel%20chung/GDP_VNM.xlsx ...
  Excel file saved to data/GDP_VNM.xlsx
Parsing sheet Dataset_Q for indicator NGDP_R_PA_XDC...
  Successfully parsed 64 points from Excel.
=== Upserting macro data for NGDP_R_PA_XDC ===
  Processed 64 data points chronologically.
  [+] Done. Successfully upserted 64/64 points.

--- Processing indicator: PCPI_IX ---
Downloading Excel from GSO: http://nsdp.nso.gov.vn/GSO-chung/Tu%E1%BA%A5n%20Anh/excel%20chung/CPI_VNM.xlsx ...
  Excel file saved to data/CPI_VNM.xlsx
Parsing sheet Dataset base 2019 for indicator PCPI_IX...
  Successfully parsed 63 points from Excel.
=== Upserting macro data for PCPI_IX ===
  Processed 63 data points chronologically.
  [+] Done. Successfully upserted 63/63 points.

--- Processing indicator: AIP_ISIC4_IX ---
Downloading Excel from GSO: http://nsdp.nso.gov.vn/GSO-chung/Tu%E1%BA%A5n%20Anh/excel%20chung/IIP_VNM.xlsx ...
  Excel file saved to data/IIP_VNM.xlsx
Parsing sheet Chi so so nam goc for indicator AIP_ISIC4_IX...
  [!] Direct GSO Excel download failed: KeyError - "Indicator 'AIP_ISIC4_IX' not found in Excel sheet."
Fallback: Downloading GSO archive database from https://github.com/thanhqtran/gso-macro-monitor/releases/download/v1.2.0/all_data_gso_20250606.json.zip...
  Successfully parsed 99 points from GSO archive.
=== Upserting macro data for AIP_ISIC4_IX ===
  Processed 99 data points chronologically.
  [+] Done. Successfully upserted 99/99 points.

=== Macro Sync Pipeline Completed Successfully ===

[06:00:59 1/8/2026] ✅ Pipeline hoàn tất thành công!
[06:00:59 1/8/2026] 🏁 ===== KẾT THÚC MACRO PIPELINE =====

✅ Lấy cookie và token thành công!

--- Đang quét Trang 1 ---
-> Tìm thấy: [VIX]_29-7-2026 - Vĩ mô _ Chiến lược thị trường_Tiêu điểm họp Fed_ Dự đoán tạm thời giữ nguyên lãi suất_ nhưng giá dầu.pdf
   ✅ Tải thành công!
-> Tìm thấy: [GTJA (Vietnam) ]_29-7-2026 - Vĩ mô _ Chiến lược thị trường_Báo cáo Vĩ mô_ Cập nhật Thông tin Thuế quan bổ sung theo Mục 301 ngày.pdf
   ✅ Tải thành công!
-> Tìm thấy: [VCBS]_28-7-2026 - Phân tích Ngành_Báo cáo ngành Thép_ Q2_2026.pdf
   ✅ Tải thành công!
-> Tìm thấy: [ACBS]_28-7-2026 - Vĩ mô _ Chiến lược thị trường_Báo cáo Chiến lược_ Tháng 07_2026 _ Vững tay chèo giữa dòng chảy trái.pdf
   ✅ Tải thành công!
-> Tìm thấy: [Vietcap]_27-7-2026 - Vĩ mô _ Chiến lược thị trường_Báo cáo Vĩ mô_ Mỹ áp thuế diện rộng theo Mục 301 về lao động cưỡng bức.pdf
   ✅ Tải thành công!
-> Tìm thấy: [VCBS]_27-7-2026 - Vĩ mô _ Chiến lược thị trường_Báo cáo Trái phiếu Doanh nghiệp_ Cập nhật 1H_2026 _ Triển vọng 2H_2026.pdf
   ✅ Tải thành công!
-> Tìm thấy: [VCBS]_27-7-2026 - Vĩ mô _ Chiến lược thị trường_Báo cáo Thị trường Trái phiếu_ Triển vọng 2H_2026.pdf
   ✅ Tải thành công!

--- Đang quét Trang 2 ---
-> Tìm thấy: [Techcombank]_27-7-2026 - Báo cáo Chuyên đề_Báo cáo Chuyên đề_ Nhận định Chính sách thuế quan mới nhất của Mỹ ngày 24_07_2026.pdf
   ✅ Tải thành công!
-> Tìm thấy: [MAS]_27-7-2026 - Báo cáo Chuyên đề_Báo cáo Chuyên đề_ Chính sách thương mại _ USTR Section 301.pdf
   ✅ Tải thành công!
-> Tìm thấy: [VNDS]_26-7-2026 - Báo cáo Chuyên đề_Đánh giá Sự kiện_ Thuế quan Mỹ _ Section 301.pdf
   ✅ Tải thành công!
-> Tìm thấy: [KBSV]_24-7-2026 - Báo cáo Chuyên đề_Báo cáo Chuyên đề_ Cập nhật chính sách thuế quan của Mỹ _ Section 301.pdf
   ✅ Tải thành công!
-> Tìm thấy: [VIS Rating]_23-7-2026 - Vĩ mô _ Chiến lược thị trường_Báo cáo Thị trường Trái phiếu_ Tổng quan Thị trường Trái phiếu Doanh n.pdf
   ✅ Tải thành công!

--- Đang quét Trang 3 ---
-> Tìm thấy: [SSV]_23-7-2026 - Vĩ mô _ Chiến lược thị trường_Báo cáo Vĩ mô_ Tháng 06_2026 _ Tăng trưởng bứt phá_ lạm phát hạ nhiệt.pdf
   ✅ Tải thành công!
-> Tìm thấy: [MBS]_22-7-2026 - Vĩ mô _ Chiến lược thị trường_Báo cáo Thị trường Trái phiếu_ Hoạt động phát hành sôi nổi hơn trong T.pdf
   ✅ Tải thành công!

--- Đang quét Trang 4 ---
-> Tìm thấy: [MAS]_22-7-2026 - Báo cáo Chuyên đề_Báo cáo ETF_ Danh mục cơ cấu ETF kỳ Q3_2026.pdf
   ✅ Tải thành công!
-> Tìm thấy: [Vietcap]_21-7-2026 - Vĩ mô _ Chiến lược thị trường_Báo cáo Vĩ mô_ Thị trường lao động khả quan khi kinh tế tăng trưởng mạ.pdf
   ✅ Tải thành công!
-> Tìm thấy: [BVS]_21-7-2026 - Báo cáo Chuyên đề_Báo cáo ETF_ Cập nhật thay đổi của các bộ chỉ số trong kỳ tháng 07_2026.pdf
   ✅ Tải thành công!
-> Tìm thấy: [NHSV]_21-7-2026 - Phân tích Ngành_Báo cáo ngành BĐS Khu công nghiệp_ Báo cáo Thị trường 1H2026.pdf
   ✅ Tải thành công!

--- Đang quét Trang 5 ---
-> Tìm thấy: [VNDS]_20-7-2026 - Vĩ mô _ Chiến lược thị trường_Báo cáo Vĩ mô_ Ngược dòng biến động toàn cầu_ nền kinh tế Việt Nam tăn.pdf
   ✅ Tải thành công!
-> Tìm thấy: [MBS]_20-7-2026 - Vĩ mô _ Chiến lược thị trường_Báo cáo Chiến lược_ Bảo toàn tài sản _ Chờ đợi thời cơ.pdf
   ✅ Tải thành công!
-> Tìm thấy: [MBS]_20-7-2026 - Phân tích Ngành_Báo cáo ngành CNTT _ Viễn thông_ Tiến tới kỷ nguyên chuyển đổi AI.pdf
   ✅ Tải thành công!
-> Tìm thấy: [BSC]_19-7-2026 - Vĩ mô _ Chiến lược thị trường_Báo cáo Vĩ mô_ Tháng 06_2026 _ Thích ứng nhanh chóng _ Nắm bắt cơ hội.pdf
   ✅ Tải thành công!
-> Tìm thấy: [Vietstock]_17-7-2026 - Vietstock_ Nghiên cứu _ Phân tích_Technical View_ Tuần 20_24_07_2026.pdf
   ✅ Tải thành công!
-> Tìm thấy: [Vietstock]_17-7-2026 - Vietstock_ Nghiên cứu _ Phân tích_Vietstock Weekly_ Tuần 20_24_07_2026.pdf
   ✅ Tải thành công!
-> Tìm thấy: [Vietcap]_17-7-2026 - Vĩ mô _ Chiến lược thị trường_Báo cáo Vĩ mô_ Số liệu doanh nghiệp rút lui khỏi thị trường phản ánh q.pdf
   ✅ Tải thành công!
-> Tìm thấy: [Vietcap]_17-7-2026 - Vĩ mô _ Chiến lược thị trường_Báo cáo Vĩ mô_ Tháng 06_2026 _ Tăng trưởng GDP quý 2_2026 đạt 8_4_.pdf
   ✅ Tải thành công!
-> Tìm thấy: [NHSV]_17-7-2026 - Vĩ mô _ Chiến lược thị trường_Báo cáo Vĩ mô_ Tháng 07_2026 _ Lạm phát đã hạ nhiệt_ Quá trình hút ròn.pdf
   ✅ Tải thành công!
-> Tìm thấy: [KBSV]_17-7-2026 - Vĩ mô _ Chiến lược thị trường_Báo cáo Vĩ mô_ 2H_2026 _ Chủ động thích ứng_ củng cố tăng trưởng.pdf
   ✅ Tải thành công!
-> Tìm thấy: [MBS]_17-7-2026 - Vĩ mô _ Chiến lược thị trường_Báo cáo Vĩ mô_ Tháng 07_2026 _ Tăng trưởng ổn định bất chấp các thách.pdf
   ✅ Tải thành công!
-> Tìm thấy: [MBS]_17-7-2026 - Phân tích Ngành_Báo cáo ngành Xây dựng _ Thép_ Tăng trưởng trong thách thức.pdf
   ✅ Tải thành công!
-> Tìm thấy: [MBS]_16-7-2026 - Phân tích Ngành_Báo cáo ngành Tiêu dùng Bán lẻ_ Bước đệm vững chắc từ tiêu dùng thiết yếu.pdf
   ✅ Tải thành công!
-> Tìm thấy: [BSC]_16-7-2026 - Phân tích Ngành_Báo cáo ngành Khu công nghiệp_ Hô_i tha_o vê_ Pha_t triê_n va_ Thu hu_t đâ_u tư KCN.pdf
   ✅ Tải thành công!

--- Đang quét Trang 6 ---
-> Tìm thấy: [GTJA (Vietnam) ]_16-7-2026 - Phân tích Ngành_Báo cáo ngành Điện_ Cập nhật nửa đầu năm 2026.pdf
   ✅ Tải thành công!
-> Tìm thấy: [VCBS]_16-7-2026 - Vĩ mô _ Chiến lược thị trường_Báo cáo Vĩ mô_ 2H_2026.pdf
   ✅ Tải thành công!
-> Tìm thấy: [TPS]_16-7-2026 - Vĩ mô _ Chiến lược thị trường_Báo cáo Vĩ mô_ Tháng 07_2026.pdf
   ✅ Tải thành công!
-> Tìm thấy: [SHS]_16-7-2026 - Vĩ mô _ Chiến lược thị trường_Báo cáo Chiến lược_ SHS OUTLOOK H2_2026.pdf
   ✅ Tải thành công!
-> Tìm thấy: [MBS]_15-7-2026 - Phân tích Ngành_Báo cáo ngành Logistics_ Vững tay chèo_ lái sóng lớn.pdf
   ✅ Tải thành công!
-> Tìm thấy: [CSI]_15-7-2026 - Vĩ mô _ Chiến lược thị trường_Báo cáo Vĩ mô_ Tháng 06_2026.pdf
   ✅ Tải thành công!
-> Tìm thấy: [Techcombank]_15-7-2026 - Vĩ mô _ Chiến lược thị trường_Báo cáo Vĩ mô_ Tháng 07_2026.pdf
   ✅ Tải thành công!
-> Tìm thấy: [GTJA (Vietnam) ]_15-7-2026 - Vĩ mô _ Chiến lược thị trường_Báo cáo Vĩ mô_ Cập nhật Vĩ mô Việt Nam nửa đầu năm 2026 và Outlook nửa.pdf
   ✅ Tải thành công!

--- Đang quét Trang 7 ---
-> Tìm thấy: [BSC]_14-7-2026 - Vĩ mô _ Chiến lược thị trường_Báo cáo Vĩ mô_ Cập nhật kỳ đánh giá phân loại thị trường của MSCI thán.pdf
   ✅ Tải thành công!
-> Tìm thấy: [MAS]_14-7-2026 - Vĩ mô _ Chiến lược thị trường_Báo cáo Chiến lược_ Chủ động trước _cơn gió ngược_ Fed _ Định hình bộ.pdf
   ✅ Tải thành công!
-> Tìm thấy: [MBS]_14-7-2026 - Phân tích Ngành_Báo cáo ngành Dầu khí_ Từ giếng dầu đến lợi nhuận.pdf
   ✅ Tải thành công!
-> Tìm thấy: [VNDS]_13-7-2026 - Vĩ mô _ Chiến lược thị trường_Cập nhật Diễn biến Dòng tiền_ Tháng 06_2026 _ Khẩu vị rủi ro cải thiện.pdf
   ✅ Tải thành công!
-> Tìm thấy: [MBS]_13-7-2026 - Phân tích Ngành_Báo cáo ngành BĐS Khu công nghiệp_ Bước vào chu kỳ phát triển mới.pdf
   ✅ Tải thành công!
-> Tìm thấy: [Vietcap]_13-7-2026 - Vĩ mô _ Chiến lược thị trường_Báo cáo Trái phiếu _ Tiền tệ_ Tháng 06_2026 _ Thanh khoản cải thiện tr.pdf
   ✅ Tải thành công!
-> Tìm thấy: [VNDS]_13-7-2026 - Vĩ mô _ Chiến lược thị trường_Báo cáo Trái phiếu _ Tiền tệ_ Lạm phát hạ nhiệt mở ra dư địa cho chính.pdf
   ✅ Tải thành công!
-> Tìm thấy: [ACBS]_13-7-2026 - Báo cáo Chuyên đề_Báo cáo ETF_ Dự báo danh mục FTSE GEIS _13_07_2026_.pdf
   ✅ Tải thành công!
-> Tìm thấy: [NSI]_11-7-2026 - Vĩ mô _ Chiến lược thị trường_Báo cáo Vĩ mô_ Tháng 06_2026.pdf
   ✅ Tải thành công!
-> Tìm thấy: [MBS]_10-7-2026 - Phân tích Ngành_Báo cáo ngành Điện_ Một chu kỳ mới đang lộ diện.pdf
   ✅ Tải thành công!
-> Tìm thấy: [VPX]_10-7-2026 - Báo cáo Chuyên đề_Báo cáo Chuyên đề_ Báo cáo Đầu tư Tài sản _ Tháng 06_2026.pdf
   ✅ Tải thành công!
-> Tìm thấy: [Vietstock]_10-7-2026 - Vietstock_ Nghiên cứu _ Phân tích_Technical View_ Tuần 13_17_07_2026.pdf
   ✅ Tải thành công!
-> Tìm thấy: [Vietstock]_10-7-2026 - Vietstock_ Nghiên cứu _ Phân tích_Vietstock Weekly_ Tuần 13_17_07_2026.pdf
   ✅ Tải thành công!

--- Đang quét Trang 8 ---
-> Tìm thấy: [MBS]_9-7-2026 - Phân tích Ngành_Báo cáo ngành Bất động sản dân cư_ Thị trường ảm đạm trong bối cảnh lãi suất cao.pdf
   ✅ Tải thành công!
-> Tìm thấy: [MAS]_9-7-2026 - Vĩ mô _ Chiến lược thị trường_Báo cáo Vĩ mô_ Kiến tạo nền móng cho khát vọng 2045 trở thành quốc gia.pdf
   ✅ Tải thành công!
-> Tìm thấy: [GTJA (Vietnam) ]_9-7-2026 - Vĩ mô _ Chiến lược thị trường_Báo cáo Chiến lược_ Triển vọng TTCK Việt Nam nửa cuối năm 2026.pdf
   ✅ Tải thành công!
-> Tìm thấy: [KAFI]_9-7-2026 - Vĩ mô _ Chiến lược thị trường_Báo cáo Vĩ mô_ Tháng 04_2026 _ Khu vực sản xuất làm điểm tựa.pdf
   ✅ Tải thành công!
-> Tìm thấy: [VBMA]_8-7-2026 - Vĩ mô _ Chiến lược thị trường_Báo cáo Thị trường Trái phiếu_ Tháng 06_2026.pdf
   ✅ Tải thành công!
-> Tìm thấy: [KBSV]_8-7-2026 - Phân tích Ngành_Báo cáo ngành Bán lẻ_ Năm tăng trưởng của các doanh nghiệp lớn.pdf
   ✅ Tải thành công!
-> Tìm thấy: [KBSV]_8-7-2026 - Phân tích Ngành_Báo cáo ngành Thủy sản_ Nội lực ổn định_ định giá dần trở nên hấp dẫn.pdf
   ✅ Tải thành công!
-> Tìm thấy: [KBSV]_8-7-2026 - Phân tích Ngành_Báo cáo ngành Sữa_ Triển vọng tích cực với doanh nghiệp đầu ngành.pdf
   ✅ Tải thành công!
-> Tìm thấy: [YSVN]_8-7-2026 - Vĩ mô _ Chiến lược thị trường_Báo cáo Vĩ mô_ Tháng 06_2026 _ Tăng trưởng tiếp tục mở rộng dù áp lực.pdf
   ✅ Tải thành công!
-> Tìm thấy: [KBSV]_8-7-2026 - Phân tích Ngành_Báo cáo ngành Điện_ Chính sách linh hoạt thúc đẩy môi trường đầu tư.pdf
   ✅ Tải thành công!

--- Đang quét Trang 9 ---
-> Tìm thấy: [KBSV]_8-7-2026 - Phân tích Ngành_Báo cáo ngành Ngân hàng_ Áp lực huy động gia tăng.pdf
   ✅ Tải thành công!
-> Tìm thấy: [KBSV]_8-7-2026 - Phân tích Ngành_Báo cáo ngành Công nghệ_ AI là động lực dẫn dắt tăng trưởng.pdf
   ✅ Tải thành công!
-> Tìm thấy: [KBSV]_8-7-2026 - Phân tích Ngành_Báo cáo ngành Bất động sản dân cư_ Các yếu tố cốt lõi vẫn đang được duy trì.pdf
   ✅ Tải thành công!
-> Tìm thấy: [KBSV]_8-7-2026 - Phân tích Ngành_Báo cáo ngành BĐS Khu công nghiệp_ Tăng trưởng về _Chất_ và _Lượng_.pdf
   ✅ Tải thành công!
-> Tìm thấy: [KBSV]_8-7-2026 - Phân tích Ngành_Báo cáo ngành Xây dựng_  Nguồn cung công việc tích cực.pdf
   ✅ Tải thành công!
-> Tìm thấy: [KBSV]_8-7-2026 - Phân tích Ngành_Báo cáo ngành Logistics_ Sản lượng tăng_ áp lực chi phí hiện hữu.pdf
   ✅ Tải thành công!
-> Tìm thấy: [KBSV]_8-7-2026 - Phân tích Ngành_Báo cáo ngành Dầu khí_ Triển vọng giữa các phân khúc có sự phân hóa.pdf
   ✅ Tải thành công!
-> Tìm thấy: [BSC]_7-7-2026 - Phân tích Ngành_Báo cáo Chiến lược_ Q3_2026 _ Kỷ nguyên vươn mình.pdf
   ✅ Tải thành công!
-> Tìm thấy: [VikkiBankS]_7-7-2026 - Vĩ mô _ Chiến lược thị trường_Báo cáo Vĩ mô_ Tháng 06_2026.pdf
   ✅ Tải thành công!
-> Tìm thấy: [DSC]_7-7-2026 - Vĩ mô _ Chiến lược thị trường_Báo cáo Vĩ mô_ Tháng 06_2026 _ Kỳ vọng đạt kế hoạch giai đoạn nửa cuối.pdf
   ✅ Tải thành công!
-> Tìm thấy: [KBSV]_7-7-2026 - Vĩ mô _ Chiến lược thị trường_Báo cáo Chiến lược_ Triển vọng TTCK 2H2026 _ Qua vùng nhiễu động.pdf
   ✅ Tải thành công!
-> Tìm thấy: [VIS Rating]_6-7-2026 - Phân tích Ngành_Báo cáo ngành Ngân hàng_ Sửa đổi quy định về thanh khoản.pdf
   ✅ Tải thành công!

--- Đang quét Trang 10 ---
-> Tìm thấy: [AGRISECO]_6-7-2026 - Vĩ mô _ Chiến lược thị trường_Báo cáo Vĩ mô_ Cập nhật kinh tế vĩ mô 6 tháng năm 2026.pdf
   ✅ Tải thành công!
-> Tìm thấy: [ACBS]_6-7-2026 - Vĩ mô _ Chiến lược thị trường_Báo cáo Vĩ mô_ Tháng 06_2026 _ Nới lỏng để tăng tốc.pdf
   ✅ Tải thành công!
-> Tìm thấy: [SHS]_6-7-2026 - Phân tích Ngành_Báo cáo ngành Dược_ 2H2026.pdf
   ✅ Tải thành công!
-> Tìm thấy: [MAS]_6-7-2026 - Phân tích Ngành_Báo cáo ngành Bán lẻ_ Sức mua phục hồi _ Bứt phá nhờ chiến lược đa kênh.pdf
   ✅ Tải thành công!
-> Tìm thấy: [Vietstock]_6-7-2026 - Vietstock_ Nghiên cứu _ Phân tích_IR Awards 2026_ Báo cáo khảo sát về hoạt động công bố thông tin tr.pdf
   ✅ Tải thành công!
-> Tìm thấy: [Vietstock]_3-7-2026 - Vietstock_ Nghiên cứu _ Phân tích_Technical View_ Tuần 06_10_07_2026.pdf
   ✅ Tải thành công!
-> Tìm thấy: [Vietstock]_3-7-2026 - Vietstock_ Nghiên cứu _ Phân tích_Vietstock Weekly_ Tuần 06_10_07_2026.pdf
   ✅ Tải thành công!

--- Đang quét Trang 11 ---
-> Tìm thấy: [VIX]_3-7-2026 - Báo cáo Chuyên đề_Báo cáo Chuyên đề_ Dầu thế giới giảm về vùng hỗ trợ mạnh và triển vọng các cổ phiế.pdf
   ✅ Tải thành công!
-> Tìm thấy: [ACBS]_3-7-2026 - Phân tích Ngành_Ngành BĐS Khu công nghiệp_ Vững vàng vượt sóng.pdf
   ✅ Tải thành công!
-> Tìm thấy: [YSVN]_3-7-2026 - Báo cáo Chuyên đề_Báo cáo ETF_ Dự báo Danh mục VN30 _ Kỳ soát xét Q3_2026.pdf
   ✅ Tải thành công!
-> Tìm thấy: [TPS]_3-7-2026 - Vĩ mô _ Chiến lược thị trường_Báo cáo Chiến lược_ Tháng 07_2026 _ Nền tảng cho những kỳ vọng mới.pdf
   ✅ Tải thành công!
-> Tìm thấy: [Vietcap]_3-7-2026 - Vĩ mô _ Chiến lược thị trường_Báo cáo Chiến lược_ Tháng 07_2026 _ Cơ hội quay trở lại vùng đỉnh lịch.pdf
   ✅ Tải thành công!
-> Tìm thấy: [Vietcap]_3-7-2026 - Vĩ mô _ Chiến lược thị trường_Báo cáo Thị trường_ Tháng 06_2026 _ VN_Index gần như đi ngang trong th.pdf
   ✅ Tải thành công!
-> Tìm thấy: [MBS]_3-7-2026 - Vĩ mô _ Chiến lược thị trường_Báo cáo Thị trường Tiền tệ_ Đà tăng của lãi suất huy động dần hạ nhiệt.pdf
   ✅ Tải thành công!
-> Tìm thấy: [NHSV]_2-7-2026 - Phân tích Ngành_Báo cáo ngành BĐS Nhà ở_ Dự phóng KQKD Q2_2026.pdf
   ✅ Tải thành công!
-> Tìm thấy: [MAS]_2-7-2026 - Báo cáo Chuyên đề_Báo cáo Chuyên đề_ Dự báo cổ phiếu thành phần chỉ số Q3_2026.pdf
   ✅ Tải thành công!
-> Tìm thấy: [ACBS]_2-7-2026 - Báo cáo Chuyên đề_Báo cáo ETF_ Dự báo danh mục VN30 _02_07_2026_.pdf
   ✅ Tải thành công!

--- Đang quét Trang 12 ---
-> Tìm thấy: [AGRISECO]_1-7-2026 - Báo cáo Chuyên đề_Báo cáo Chuyên đề_ Biến động giá hàng hóa và cơ hội đầu tư các tháng cuối năm 2026.pdf
   ✅ Tải thành công!
-> Tìm thấy: [KAFI]_1-7-2026 - Báo cáo Chuyên đề_Báo cáo Chuyên đề_ Đánh giá tác động thay đổi chính sách trong quý II_2026 đến ngà.pdf
   ✅ Tải thành công!
-> File đã có sẵn, bỏ qua: [MAS]_30-6-2026 - Vĩ mô _ Chiến lược thị trường_Báo cáo Vĩ mô_ Đông lực chính sách _ Cho mục tiêu tăng trưởng GDP 10_.pdf

--- Đang quét Trang 13 ---
-> File đã có sẵn, bỏ qua: [MBS]_30-6-2026 - Phân tích Ngành_Báo cáo ngành Xây dựng _ Vật liệu_ KQKD phân hóa do giá nguyên vật liệu tăng cao.pdf
-> File đã có sẵn, bỏ qua: [MBS]_30-6-2026 - Phân tích Ngành_Báo cáo ngành Bất động sản_ Dự báo KQKD Q2_2026 _ Thị trường ảm đạm trước áp lực từ.pdf
-> Tìm thấy: [MBS]_30-6-2026 - Phân tích Ngành_Báo cáo ngành Điện_ Huy động nhiệt điện tối ưu trong bối cảnh nhu cầu điện toàn quốc.pdf
   ✅ Tải thành công!
-> Tìm thấy: [VNDS]_30-6-2026 - Vĩ mô _ Chiến lược thị trường_Báo cáo Chiến lược_ 2H2026 _ Bình minh sau cơn bão.pdf
   ✅ Tải thành công!
-> Tìm thấy: [NSI]_30-6-2026 - Vĩ mô _ Chiến lược thị trường_Báo cáo Chiến lược_ NSI Outlook 2H2026 _ Phòng thủ _ Phản công.pdf
   ✅ Tải thành công!
-> File đã có sẵn, bỏ qua: [MBS]_29-6-2026 - Báo cáo Chuyên đề_Báo cáo Chuyên đề_ Dự báo lợi nhuận Q2_2026 _ Tăng trưởng trong môi trường đầy thá.pdf
-> File đã có sẵn, bỏ qua: [YSVN]_29-6-2026 - Phân tích Ngành_Báo cáo ngành Ngân hàng_ NH chất lượng tốt xứng đáng định giá cao hơn.pdf
-> File đã có sẵn, bỏ qua: [MBS]_29-6-2026 - Phân tích Ngành_Báo cáo ngành BĐS Khu công nghiệp_ Đổi mới chính sách thu hút vốn FDI và dự báo KQKD.pdf
-> File đã có sẵn, bỏ qua: [MBS]_29-6-2026 - Phân tích Ngành_Báo cáo ngành Dầu khí_ Dư_ báo KQKD Q2_2026 khả quan nhờ bối cảnh vĩ mô thuận lợi.pdf

--- Đang quét Trang 14 ---
-> Tìm thấy: [MBS]_29-6-2026 - Báo cáo Chuyên đề_Báo cáo Chuyên đề_ Dự báo rà soát chỉ số Vn30 kỳ quý 2_2026.pdf
   ✅ Tải thành công!
-> File đã có sẵn, bỏ qua: [SHS]_26-6-2026 - Phân tích Ngành_Báo cáo ngành Hàng không_ Tháng 06_2026.pdf
-> File đã có sẵn, bỏ qua: [MBS]_26-6-2026 - Phân tích Ngành_Báo cáo ngành Tiêu dùng _ Bán lẻ_ Một quý  ghi nhận KQKD tích cực của doanh nghiệp b.pdf
-> File đã có sẵn, bỏ qua: [MBS]_26-6-2026 - Phân tích Ngành_Báo cáo ngành Logistics_ Bước vào mùa cao điểm với bức tranh phân hóa trước áp lực n.pdf

--- Đang quét Trang 15 ---
-> File đã có sẵn, bỏ qua: [VPX]_26-6-2026 - Phân tích Ngành_Báo cáo ngành Ngân hàng_ Thông tư 25_2026_TT_NHNN nới lỏng một số tỷ lệ thanh khoản.pdf
-> File đã có sẵn, bỏ qua: [Vietstock]_26-6-2026 - Vietstock_ Nghiên cứu _ Phân tích_Technical View_ Tuần 29_06_03_07_2026.pdf
-> File đã có sẵn, bỏ qua: [Vietstock]_26-6-2026 - Vietstock_ Nghiên cứu _ Phân tích_Vietstock Weekly_ Tuần 29_06_03_07_2026.pdf

--- Đang quét Trang 16 ---
-> File đã có sẵn, bỏ qua: [VDS]_24-6-2026 - Báo cáo Chuyên đề_Báo cáo Chuyên đề_ Danh mục đầu tư nên được điều chỉnh như thế nào với tình hình h.pdf
-> File đã có sẵn, bỏ qua: [VNDS]_24-6-2026 - Báo cáo Chuyên đề_Báo cáo Chuyên đề_ Tác động của cơ chế mới từ NHNN đối với hoạt động cấp tín dụng.pdf
-> File đã có sẵn, bỏ qua: [KBSV]_24-6-2026 - Báo cáo Chuyên đề_Báo cáo Chuyên đề_ Miễn room tín dụng cho 18 dự án trọng điểm.pdf
-> File đã có sẵn, bỏ qua: [Vietcap]_23-6-2026 - Phân tích Ngành_Báo cáo ngành nhựa PVC_ Chính sách hạn chế cạnh tranh không lành mạnh của Trung Quốc.pdf
-> File đã có sẵn, bỏ qua: [KAFI]_23-6-2026 - Báo cáo Chuyên đề_Báo cáo Chuyên đề_ Thông tư 25_2026_TT_NHNN.pdf
-> File đã có sẵn, bỏ qua: [SSV]_23-6-2026 - Vĩ mô _ Chiến lược thị trường_Báo cáo Vĩ mô_ Những lo ngại tạm lắng.pdf
-> File đã có sẵn, bỏ qua: [VCBS]_23-6-2026 - Báo cáo Chuyên đề_Báo cáo Chuyên đề_ Thông tư 25 _ Nới trần SMLR.pdf
-> File đã có sẵn, bỏ qua: [MAS]_23-6-2026 - Báo cáo Chuyên đề_Báo cáo Chuyên đề_ Thông tư 25_2026_TT_NHNN.pdf
-> File đã có sẵn, bỏ qua: [MAS]_23-6-2026 - Vĩ mô _ Chiến lược thị trường_Báo cáo Chiến lược_ Đánh giá xu hướng bán ròng của khối ngoại.pdf

--- Đang quét Trang 17 ---
-> File đã có sẵn, bỏ qua: [ACBS]_23-6-2026 - Báo cáo Chuyên đề_Báo cáo Chuyên đề_ Thông tư 25_2026.pdf
-> File đã có sẵn, bỏ qua: [KBSV]_22-6-2026 - Báo cáo Chuyên đề_Báo cáo Chuyên đề_ MSCI Accessibility Review 2026.pdf
-> File đã có sẵn, bỏ qua: [MAS]_22-6-2026 - Báo cáo Chuyên đề_Báo cáo Chuyên đề_ Tiến độ nâng hạng thị trường chứng khoán.pdf
-> File đã có sẵn, bỏ qua: [ACBS]_22-6-2026 - Vĩ mô _ Chiến lược thị trường_Báo cáo Vĩ mô_ Tháng 06_2026 _ Đi qua vùng nhiều động.pdf

--- Đang quét Trang 18 ---
-> File đã có sẵn, bỏ qua: [BSC]_19-6-2026 - Báo cáo Chuyên đề_Báo cáo Chuyên đề_ Cập nhật nhanh đánh giá của MSCI.pdf
-> File đã có sẵn, bỏ qua: [VPX]_19-6-2026 - Phân tích Ngành_Báo cáo ngành BĐS Khu công nghiệp_ Tháng 06_2026.pdf
-> File đã có sẵn, bỏ qua: [Vietstock]_19-6-2026 - Vietstock_ Nghiên cứu _ Phân tích_Technical View_ Tuần 22_26_06_2026.pdf
-> File đã có sẵn, bỏ qua: [Vietstock]_19-6-2026 - Vietstock_ Nghiên cứu _ Phân tích_Vietstock Weekly_ Tuần 22_26_06_2026.pdf
-> File đã có sẵn, bỏ qua: [KBSV]_18-6-2026 - Báo cáo Chuyên đề_Báo cáo Chuyên đề_ Đề xuất nới trần tỷ lệ SMLR.pdf
-> File đã có sẵn, bỏ qua: [KBSV]_18-6-2026 - Báo cáo Chuyên đề_Báo cáo Chuyên đề_ Fed giữ nguyên lãi suất_ phát tín hiệu hawkish hơn.pdf

--- Đang quét Trang 19 ---
-> File đã có sẵn, bỏ qua: [MBS]_18-6-2026 - Phân tích Ngành_Báo cáo ngành Ngân hàng_ Vững vàng trước biến động.pdf
-> File đã có sẵn, bỏ qua: [MAS]_18-6-2026 - Phân tích Ngành_Báo cáo ngành Ngân hàng_ Định hướng thanh khoản _ Gỡ nút thắt.pdf
-> File đã có sẵn, bỏ qua: [PSI]_17-6-2026 - Vĩ mô _ Chiến lược thị trường_Báo cáo Chiến lược_ 2H2026 _ Ngược gió tìm cơ hội.pdf

--- Đang quét Trang 20 ---
-> File đã có sẵn, bỏ qua: [VIX]_17-6-2026 - Báo cáo Chuyên đề_Báo cáo Chuyên đề_ Giá dầu thế giới lùi về mốc đầu tiên vùng 75_80_ chú ý các kịch.pdf
-> File đã có sẵn, bỏ qua: [MBS]_17-6-2026 - Vĩ mô _ Chiến lược thị trường_Báo cáo Thị trường Trái phiếu_ Ngân hàng dẫn dắt thị trường TPDN trong.pdf
-> File đã có sẵn, bỏ qua: [KBSV]_16-6-2026 - Báo cáo Chuyên đề_Báo cáo Chuyên đề_ Tiến triển trong đàm phán.pdf

--- Đang quét Trang 21 ---
-> File đã có sẵn, bỏ qua: [MBS]_16-6-2026 - Vĩ mô _ Chiến lược thị trường_Báo cáo Vĩ mô_ Tháng 06_2026 _ Gia tăng thách thức từ biến động toàn c.pdf
-> File đã có sẵn, bỏ qua: [VIX]_16-6-2026 - Báo cáo Chuyên đề_Báo cáo Chuyên đề_ Diễn biến giá urê Trung Đông năm 2026 dưới tác động địa chính t.pdf
-> File đã có sẵn, bỏ qua: [SSI]_15-6-2026 - Báo cáo Chuyên đề_Bản tin ETF_ Kết quả thay đổi danh mục chỉ số VanEck Vietnam ETF kỳ Q2_2026.pdf

--- Đang quét Trang 22 ---
-> File đã có sẵn, bỏ qua: [Vietcap]_15-6-2026 - Vĩ mô _ Chiến lược thị trường_Báo cáo Chiến lược_ 2H2026 _ Tăng trưởng duy trì khả quan nhờ đầu tư_.pdf
-> File đã có sẵn, bỏ qua: [Techcombank]_15-6-2026 - Vĩ mô _ Chiến lược thị trường_Báo cáo Vĩ mô_ Tháng 06_2026.pdf

--- Đang quét Trang 23 ---
-> File đã có sẵn, bỏ qua: [Vietcap]_12-6-2026 - Phân tích Ngành_Báo cáo ngành Năng lượng_ Giá dầu dự kiến sẽ tiếp tục tăng do xung đột kéo dài.pdf
-> File đã có sẵn, bỏ qua: [VIX]_12-6-2026 - Báo cáo Chuyên đề_Báo cáo Chuyên đề_ Mọi ánh mắt đổ dồn về cuộc họp lãi suất ở Mỹ tuần tới.pdf
-> File đã có sẵn, bỏ qua: [NHSV]_12-6-2026 - Vĩ mô _ Chiến lược thị trường_Báo cáo Vĩ mô_ Tháng 06_2026 _ Lãi suất neo cao vì sao _ Nhập siêu có.pdf
-> File đã có sẵn, bỏ qua: [Vietstock]_12-6-2026 - Vietstock_ Nghiên cứu _ Phân tích_Technical View_ Tuần 15_19_06_2026.pdf
-> File đã có sẵn, bỏ qua: [Vietstock]_12-6-2026 - Vietstock_ Nghiên cứu _ Phân tích_Vietstock Weekly_ Tuần 15_19_06_2026.pdf
-> File đã có sẵn, bỏ qua: [MAS]_12-6-2026 - Báo cáo Chuyên đề_Báo cáo Chuyên đề_ Nghị quyết 10_NQ_TW _ Nâng cấp chiến lược dòng vốn FDI.pdf
-> File đã có sẵn, bỏ qua: [ACBS]_12-6-2026 - Báo cáo Chuyên đề_Báo cáo Chuyên đề_ Nghị quyết phát triển FDI.pdf
-> File đã có sẵn, bỏ qua: [ACBS]_12-6-2026 - Phân tích Ngành_Báo cáo ngành Xây dựng hạ tầng_ Vượt gió ngược_ đón sóng lớn.pdf

--- Đang quét Trang 24 ---
-> File đã có sẵn, bỏ qua: [ABS]_11-6-2026 - Phân tích Ngành_Báo cáo ngành Dầu khí_ KQKD Q1_2026 bứt phá nhờ giá dầu tăng cao.pdf
-> File đã có sẵn, bỏ qua: [SSV]_11-6-2026 - Phân tích Ngành_Báo cáo ngành Thủy sản _ngành Cá__ Tăng trưởng theo chiều sâu.pdf
-> File đã có sẵn, bỏ qua: [SSV]_11-6-2026 - Phân tích Ngành_Báo cáo ngành Logistics_ Chi phí logistics tăng trở lại.pdf
-> File đã có sẵn, bỏ qua: [Vietcap]_11-6-2026 - Vĩ mô _ Chiến lược thị trường_Báo cáo Trái phiếu _ Tiền tệ_ Tháng 05_2026 _ Lãi suất liên ngân hàng.pdf
-> File đã có sẵn, bỏ qua: [BSC]_11-6-2026 - Vĩ mô _ Chiến lược thị trường_Báo cáo Vĩ mô_ Đánh giá tình hình nhập siêu 5T2026 của Việt Nam.pdf
-> File đã có sẵn, bỏ qua: [SSV]_10-6-2026 - Phân tích Ngành_Báo cáo ngành Dầu khí_ Tăng tính chủ động trong nguồn cung.pdf

--- Đang quét Trang 25 ---
-> File đã có sẵn, bỏ qua: [OCBS]_10-6-2026 - Vĩ mô _ Chiến lược thị trường_Báo cáo Vĩ mô_ Tháng 06_2025.pdf
-> File đã có sẵn, bỏ qua: [MAS]_10-6-2026 - Vĩ mô _ Chiến lược thị trường_Báo cáo Chiến lược_ Triển vọng nửa cuối năm 2026 _ Tích lũy tại vùng đ.pdf
-> File đã có sẵn, bỏ qua: [PHS]_10-6-2026 - Vĩ mô _ Chiến lược thị trường_Báo cáo Chiến lược_ Tháng 06_2026 _ Khoảng lặng của dòng tiền.pdf
-> File đã có sẵn, bỏ qua: [VDS]_10-6-2026 - Vĩ mô _ Chiến lược thị trường_Báo cáo Vĩ mô_ Tháng 05_2026 _ Động lực tăng trưởng trước phép thử ổn.pdf
-> File đã có sẵn, bỏ qua: [CSI]_10-6-2026 - Vĩ mô _ Chiến lược thị trường_Báo cáo Vĩ mô_ Tháng 05_2026.pdf
-> File đã có sẵn, bỏ qua: [VPX]_10-6-2026 - Báo cáo Chuyên đề_Báo cáo Chuyên đề_ Báo cáo Đầu tư Tài sản _ Tháng 05_2026.pdf
-> File đã có sẵn, bỏ qua: [VFS]_10-6-2026 - Vĩ mô _ Chiến lược thị trường_Báo cáo Vĩ mô_ Tháng 05_2026 _ Áp lực lớn từ bên ngoài_ lạm phát tiến.pdf
-> File đã có sẵn, bỏ qua: [GTJA (Vietnam) ]_10-6-2026 - Vĩ mô _ Chiến lược thị trường_Báo cáo Vĩ mô_ Tháng 05_2026.pdf
-> File đã có sẵn, bỏ qua: [SSV]_9-6-2026 - Phân tích Ngành_Báo cáo ngành Điện_ Chạy đua với thời gian.pdf
-> File đã có sẵn, bỏ qua: [SSV]_9-6-2026 - Phân tích Ngành_Báo cáo ngành Ngân hàng_ Định giá vẫn ở mức thấp.pdf
-> File đã có sẵn, bỏ qua: [SSV]_9-6-2026 - Phân tích Ngành_Báo cáo ngành BĐS Khu công nghiệp_ Dòng vốn FDI định hình lại cuộc chơi.pdf
-> File đã có sẵn, bỏ qua: [SSV]_9-6-2026 - Phân tích Ngành_Báo cáo ngành Bán lẻ_ Từ mở rộng thị phần sang tối ưu lợi nhuận.pdf

--- Đang quét Trang 26 ---
-> File đã có sẵn, bỏ qua: [SSV]_9-6-2026 - Phân tích Ngành_Báo cáo ngành Thép_ Mở đầu chu kỳ tăng trưởng giá thép.pdf
-> File đã có sẵn, bỏ qua: [SSV]_9-6-2026 - Phân tích Ngành_Báo cáo ngành Thực phầm _ Đồ uống_ Trọng điểm là quản trị chi phí.pdf
-> File đã có sẵn, bỏ qua: [SSV]_9-6-2026 - Phân tích Ngành_Báo cáo ngành Dệt may_ Chuyển trọng tâm sang nâng cao chất lượng cốt lõi.pdf
-> File đã có sẵn, bỏ qua: [ABS]_9-6-2026 - Vĩ mô _ Chiến lược thị trường_Báo cáo Chiến lược_ Tháng 06_2026 _ Kiểm định nội lực trong thách thức.pdf
-> File đã có sẵn, bỏ qua: [MAS]_9-6-2026 - Vĩ mô _ Chiến lược thị trường_Báo cáo Vĩ mô_ Thu hút FDI chất lượng cao thúc đẩy tăng trưởng kinh tế.pdf
-> File đã có sẵn, bỏ qua: [Vietcap]_9-6-2026 - Vĩ mô _ Chiến lược thị trường_Báo cáo Vĩ mô_ Tháng 05_2026 _ Thâm hụt thương mại đạt kỷ lục do tăng.pdf
-> File đã có sẵn, bỏ qua: [VCBS]_9-6-2026 - Vĩ mô _ Chiến lược thị trường_Báo cáo Thị trường Trái phiếu_ Tháng 05_2026.pdf
-> File đã có sẵn, bỏ qua: [ABS]_9-6-2026 - Phân tích Ngành_Báo cáo ngành Ngân hàng_ Tăng trưởng có chọn lọc.pdf
-> File đã có sẵn, bỏ qua: [FPTS]_9-6-2026 - Báo cáo Chuyên đề_Báo cáo Chuyên đề_ Cập nhật ảnh hưởng xung đột Mỹ _ Iran.pdf

--- Đang quét Trang 27 ---
-> File đã có sẵn, bỏ qua: [SSV]_8-6-2026 - Phân tích Ngành_Báo cáo ngành Xuất nhập khẩu_ Chuyển dịch từ _lượng_ sang _chất_.pdf
-> File đã có sẵn, bỏ qua: [ACBS]_8-6-2026 - Vĩ mô _ Chiến lược thị trường_Báo cáo Thị trường Trái phiếu_ Q1_2026.pdf
-> File đã có sẵn, bỏ qua: [MAS]_8-6-2026 - Báo cáo Chuyên đề_Báo cáo Chuyên đề_ USTR Section 301 _ Đề xuất áp thuế lao động cưỡng bức _ Tác độn.pdf
-> File đã có sẵn, bỏ qua: [VCBS]_8-6-2026 - Vĩ mô _ Chiến lược thị trường_Báo cáo Vĩ mô_ Tháng 05_2026.pdf
-> File đã có sẵn, bỏ qua: [VikkiBankS]_8-6-2026 - Vĩ mô _ Chiến lược thị trường_Báo cáo Vĩ mô_ Tháng 05_2026.pdf
-> File đã có sẵn, bỏ qua: [TPS]_8-6-2026 - Vĩ mô _ Chiến lược thị trường_Báo cáo Vĩ mô_  Tháng 06_2026.pdf
-> File đã có sẵn, bỏ qua: [VBMA]_8-6-2026 - Vĩ mô _ Chiến lược thị trường_Báo cáo Thị trường Trái phiếu_ Tháng 05_2026.pdf
-> File đã có sẵn, bỏ qua: [SSI]_8-6-2026 - Vĩ mô _ Chiến lược thị trường_Báo cáo Chiến lược_ Xây nền Dựng sóng.pdf
-> File đã có sẵn, bỏ qua: [SSV]_5-6-2026 - Vĩ mô _ Chiến lược thị trường_Báo cáo Chiến lược_ 2H2026 _ Cơ hội bị bỏ quên.pdf
-> File đã có sẵn, bỏ qua: [Vietstock]_5-6-2026 - Vietstock_ Nghiên cứu _ Phân tích_Technical View_ Tuần 08_12_06_2026.pdf

--- Đang quét Trang 28 ---
-> File đã có sẵn, bỏ qua: [Vietstock]_5-6-2026 - Vietstock_ Nghiên cứu _ Phân tích_Vietstock Weekly_ Tuần 08_12_06_2026.pdf
-> File đã có sẵn, bỏ qua: [DSC]_5-6-2026 - Vĩ mô _ Chiến lược thị trường_Báo cáo Vĩ mô_ Tháng 05_2026 _ Kế hoạch tăng trưởng đối diện nhiều thá.pdf
-> File đã có sẵn, bỏ qua: [Vietcap]_5-6-2026 - Vĩ mô _ Chiến lược thị trường_Báo cáo Chiến lược_ Tháng 06_2026 _ Định giá hấp dẫn hỗ trợ khả năng t.pdf
-> File đã có sẵn, bỏ qua: [ACBS]_5-6-2026 - Báo cáo Chuyên đề_Báo cáo ETF_ Dự báo danh mục quỹ VanEck Vietnam _ Xtrackers Vietnam Swap _05_06_20.pdf
-> File đã có sẵn, bỏ qua: [ACBS]_5-6-2026 - Vĩ mô _ Chiến lược thị trường_Báo cáo Vĩ mô_ Tháng 05_2026 _ Sản xuất khởi sắc giữa áp lực chi phí v.pdf
-> File đã có sẵn, bỏ qua: [VIX]_4-6-2026 - Vĩ mô _ Chiến lược thị trường_Báo cáo Vĩ mô_ Một số điểm nhấn về tình hình xuất nhập khẩu trong thán.pdf
-> File đã có sẵn, bỏ qua: [SHS]_4-6-2026 - Vĩ mô _ Chiến lược thị trường_Báo cáo Chiến lược_ Tháng 06_2026.pdf

--- Đang quét Trang 29 ---
-> File đã có sẵn, bỏ qua: [Vietcap]_4-6-2026 - Vĩ mô _ Chiến lược thị trường_Báo cáo Thị trường_ Tháng 05_2026 _ VNIndex tăng nhẹ tháng thứ 2 liên.pdf
-> File đã có sẵn, bỏ qua: [YSVN]_4-6-2026 - Vĩ mô _ Chiến lược thị trường_Báo cáo Vĩ mô_ Sản xuất và Đầu tư là điểm sáng nhưng áp lực ổn định vĩ.pdf
-> File đã có sẵn, bỏ qua: [AGRISECO]_4-6-2026 - Vĩ mô _ Chiến lược thị trường_Báo cáo Vĩ mô_ Tháng 05_2026.pdf
-> File đã có sẵn, bỏ qua: [KBSV]_4-6-2026 - Báo cáo Chuyên đề_Báo cáo Chuyên đề_ Cập nhật chính sách thuế quan của Mỹ.pdf
-> File đã có sẵn, bỏ qua: [SHS]_3-6-2026 - Vĩ mô _ Chiến lược thị trường_Báo cáo Thị trường Tiền tệ_ Tháng 06_2026.pdf
-> File đã có sẵn, bỏ qua: [SHS]_3-6-2026 - Phân tích Ngành_Báo cáo ngành Ngân hàng_ Q1_2026.pdf

--- Đang quét Trang 30 ---
-> File đã có sẵn, bỏ qua: [MBS]_3-6-2026 - Vĩ mô _ Chiến lược thị trường_Báo cáo Thị trường Tiền tệ_ Tỷ giá vững vàng trước nhiều thách thức.pdf
-> File đã có sẵn, bỏ qua: [KBSV]_3-6-2026 - Vĩ mô _ Chiến lược thị trường_Báo cáo Vĩ mô_ Áp lực lạm phát tăng cao.pdf
-> File đã có sẵn, bỏ qua: [TPS]_3-6-2026 - Vĩ mô _ Chiến lược thị trường_Báo cáo Chiến lược_ Tháng 06_2026 _ Kỳ vọng bắt đầu khi nỗi sợ kết thú.pdf
-> File đã có sẵn, bỏ qua: [DSC]_2-6-2026 - Phân tích Ngành_Báo cáo ngành Ngân hàng_ Q1_2026.pdf
-> File đã có sẵn, bỏ qua: [ABS]_2-6-2026 - Phân tích Ngành_Báo cáo ngành Bán lẻ_ KQKD Q1_2026 tăng trưởng vượt trội _ Triển vọng duy trì tích c.pdf
-> File đã có sẵn, bỏ qua: [Vietcap]_2-6-2026 - Phân tích Ngành_Báo cáo ngành Điện_  El Nino xuất hiện trong bối cảnh lượng tiêu thụ điện tăng mạnh.pdf
-> File đã có sẵn, bỏ qua: [KBSV]_2-6-2026 - Báo cáo Chuyên đề_Báo cáo Chuyên đề_ Công văn 4551_NHNN_CSTT _ Nới hạn mức tín dụng bất động sản có.pdf

--- Đang quét Trang 31 ---
-> File đã có sẵn, bỏ qua: [VDS]_2-6-2026 - Vĩ mô _ Chiến lược thị trường_Báo cáo Vĩ mô_ Cung tiền đột ngột giảm.pdf
-> File đã có sẵn, bỏ qua: [YSVN]_2-6-2026 - Báo cáo Chuyên đề_Báo cáo ETF_ Dự báo Danh mục Qũy VanEck Vietnam ETF.pdf
-> File đã có sẵn, bỏ qua: [MAS]_1-6-2026 - Báo cáo Chuyên đề_Báo cáo Chuyên đề_ NHNN tái phân bổ dòng vốn tín dụng bất động sản 2026.pdf
-> File đã có sẵn, bỏ qua: [SSI]_1-6-2026 - Báo cáo Chuyên đề_Báo cáo ETF_ Dự báo thay đổi danh mục ETF kỳ Q2_2026.pdf
-> File đã có sẵn, bỏ qua: [Vietcap]_1-6-2026 - Phân tích Ngành_Báo cáo ngành Sản xuất Phân bón_ Động lực tăng trưởng LNST dự phóng năm 2026 vẫn đượ.pdf
-> File đã có sẵn, bỏ qua: [VNDS]_1-6-2026 - Vĩ mô _ Chiến lược thị trường_Báo cáo Chiến lược_ La bàn đầu tư Tháng 06_2026 _ Thị trường tái tích.pdf
-> File đã có sẵn, bỏ qua: [OCBS]_1-6-2026 - Phân tích Ngành_Báo cáo ngành Ngân hàng_ Vững nền tăng trưởng_ phân hóa mở ra cơ hội.pdf

--- Đang quét Trang 32 ---
-> File đã có sẵn, bỏ qua: [Vietcap]_30-5-2026 - Vĩ mô _ Chiến lược thị trường_Báo cáo Vĩ mô_ Gián đoạn kéo dài tại eo biển Hormuz.pdf
-> File đã có sẵn, bỏ qua: [ACBS]_29-5-2026 - Phân tích Ngành_Báo cáo ngành Ngân hàng_ Tăng trưởng giảm tốc.pdf
-> File đã có sẵn, bỏ qua: [Vietstock]_29-5-2026 - Vietstock_ Nghiên cứu _ Phân tích_Technical View_ Tuần 01_05_06_2026.pdf
-> File đã có sẵn, bỏ qua: [Vietstock]_29-5-2026 - Vietstock_ Nghiên cứu _ Phân tích_Vietstock Weekly_ Tuần 01_05_06_2026.pdf
-> File đã có sẵn, bỏ qua: [ACBS]_29-5-2026 - Phân tích Ngành_Báo cáo ngành Dầu khí_ Triển vọng tích cực tại phân khúc thượng nguồn _ trung nguồn.pdf
-> File đã có sẵn, bỏ qua: [YSVN]_29-5-2026 - Phân tích Ngành_Báo cáo ngành Khoáng sản_ Thắt chặt kiểm soát tài nguyên quốc gia.pdf
-> File đã có sẵn, bỏ qua: [VIX]_28-5-2026 - Báo cáo Chuyên đề_Báo cáo Chuyên đề_ Lợi suất trái phiếu Mỹ và định hướng tân chủ tịch FED.pdf

--- Đang quét Trang 33 ---
-> File đã có sẵn, bỏ qua: [VIX]_27-5-2026 - Phân tích Ngành_Báo cáo ngành Ngân hàng_ Bức tranh KQKD Q1_2026.pdf

--- Đang quét Trang 34 ---
-> File đã có sẵn, bỏ qua: [KAFI]_27-5-2026 - Báo cáo Chuyên đề_Báo cáo Chuyên đề_ Báo cáo Kết quả kinh doanh Q1_2026 _ Đẩy mạnh tăng trưởng.pdf
-> File đã có sẵn, bỏ qua: [YSVN]_26-5-2026 - Phân tích Ngành_Báo cáo ngành BĐS Nhà ở_ Sự dịch chuyển chính sách _ Hiểu rõ nỗi lo ngại.pdf
-> File đã có sẵn, bỏ qua: [SSI]_26-5-2026 - Phân tích Ngành_Báo cáo ngành Bán lẻ_ Cơ hội tích lũy cho nhà đầu tư dài hạn.pdf
-> File đã có sẵn, bỏ qua: [SHS]_26-5-2026 - Phân tích Ngành_Báo cáo ngành Hàng không_ Tháng 05_2026.pdf

--- Đang quét Trang 35 ---

--- Đang quét Trang 36 ---
-> File đã có sẵn, bỏ qua: [MAS]_25-5-2026 - Phân tích Ngành_Báo cáo ngành Cảng biển_ Vững vàng trước áp lực địa chính trị.pdf
-> File đã có sẵn, bỏ qua: [VPX]_22-5-2026 - Phân tích Ngành_Báo cáo ngành Ngân hàng_ Từng bước tiến gần tới chuẩn mực Basel III.pdf
-> File đã có sẵn, bỏ qua: [NSI]_22-5-2026 - Phân tích Ngành_Báo cáo ngành Bất động sản Dân cư_ Q1_2026.pdf
-> File đã có sẵn, bỏ qua: [Vietstock]_22-5-2026 - Vietstock_ Nghiên cứu _ Phân tích_Technical View_ Tuần 25_29_05_2026.pdf
-> File đã có sẵn, bỏ qua: [Vietstock]_22-5-2026 - Vietstock_ Nghiên cứu _ Phân tích_Vietstock Weekly_ Tuần 25_29_05_2026.pdf
-> File đã có sẵn, bỏ qua: [SHS]_21-5-2026 - Phân tích Ngành_Báo cáo ngành Thương mại điện tử_ Tháng 05_2026.pdf
-> File đã có sẵn, bỏ qua: [MAS]_21-5-2026 - Phân tích Ngành_Báo cáo ngành Cá tra_ Thách thức phía trước.pdf
-> File đã có sẵn, bỏ qua: [VPX]_21-5-2026 - Phân tích Ngành_Báo cáo ngành Ngân hàng_ Tăng trưởng lợi nhuận toàn ngành giảm tốc trong Q1_26.pdf

--- Đang quét Trang 37 ---
-> File đã có sẵn, bỏ qua: [VNDS]_21-5-2026 - Vĩ mô _ Chiến lược thị trường_Báo cáo Vĩ mô_ Tháng 05_2026 _ Nền kinh tế Việt Nam tiếp tục mở rộng g.pdf
-> File đã có sẵn, bỏ qua: [VNDS]_20-5-2026 - Báo cáo Chuyên đề_Báo cáo Chuyên đề_ Đánh giá KQKD _ Q1_2026.pdf
-> File đã có sẵn, bỏ qua: [NSI]_20-5-2026 - Phân tích Ngành_Báo cáo ngành Chứng khoán_ Q1_2026.pdf

--- Đang quét Trang 38 ---
-> File đã có sẵn, bỏ qua: [NSI]_20-5-2026 - Phân tích Ngành_Báo cáo ngành Ngân hàng_ Q1_2026.pdf
-> File đã có sẵn, bỏ qua: [KBSV]_19-5-2026 - Báo cáo Chuyên đề_Báo cáo Chuyên đề_ Bất đồng trong đàm phán.pdf
-> File đã có sẵn, bỏ qua: [KBSV]_19-5-2026 - Báo cáo Chuyên đề_Báo cáo Chuyên đề_ Lợi suất trái phiếu kho bạc Mỹ _ Dự báo và đánh giá tác động.pdf
-> File đã có sẵn, bỏ qua: [ACBS]_19-5-2026 - Vĩ mô _ Chiến lược thị trường_Báo cáo Chiến lược_ Tháng 05_2026 _ Lấy nội lực làm điểm tựa.pdf
-> File đã có sẵn, bỏ qua: [MAS]_19-5-2026 - Phân tích Ngành_Báo cáo ngành Dệt may_ Tín hiệu suy yếu ở các thị trường chính.pdf

--- Đang quét Trang 39 ---
-> File đã có sẵn, bỏ qua: [KAFI]_18-5-2026 - Phân tích Ngành_Báo cáo ngành Ngân hàng_ Đánh giá tác động của Thông tư 08_2026_TT_NHNN.pdf

--- Đang quét Trang 40 ---
-> File đã có sẵn, bỏ qua: [Techcombank]_18-5-2026 - Vĩ mô _ Chiến lược thị trường_Báo cáo Vĩ mô_ Tháng 05_2026.pdf
-> File đã có sẵn, bỏ qua: [Vietstock]_15-5-2026 - Vietstock_ Nghiên cứu _ Phân tích_Technical View_ Tuần 18_22_05_2026.pdf
-> File đã có sẵn, bỏ qua: [Vietstock]_15-5-2026 - Vietstock_ Nghiên cứu _ Phân tích_Vietstock Weekly_ Tuần 18_22_05_2026.pdf
-> File đã có sẵn, bỏ qua: [MBS]_15-5-2026 - Vĩ mô _ Chiến lược thị trường_Báo cáo Thị trường Trái phiếu_ Áp lực TPDN đáo hạn tăng mạnh trong Q2_.pdf
-> File đã có sẵn, bỏ qua: [Vietcap]_15-5-2026 - Phân tích Ngành_Báo cáo ngành Bất động sản Nhà ở_ Lượng giao dịch sơ cấp quý 1 ghi nhận tăng YoY.pdf
-> File đã có sẵn, bỏ qua: [MBS]_15-5-2026 - Phân tích Ngành_Báo cáo ngành Ngân hàng_ Cập nhật Thông tư 08_2026 sửa đổi_ bổ sung Thông tư 22_2019.pdf
-> File đã có sẵn, bỏ qua: [MAS]_15-5-2026 - Phân tích Ngành_Báo cáo ngành Ngân hàng_ Xây dựng nền móng.pdf
-> File đã có sẵn, bỏ qua: [SSI]_15-5-2026 - Vĩ mô _ Chiến lược thị trường_Báo cáo Chiến lược_ Tháng 05_2026 _ Niềm tin tháng Năm.pdf

--- Đang quét Trang 41 ---
-> File đã có sẵn, bỏ qua: [Vietcap]_14-5-2026 - Vĩ mô _ Chiến lược thị trường_Báo cáo Trái phiếu _ Tiền tệ_ Tháng 04_2026 _ Lượng phát hành TPCP tăn.pdf
-> File đã có sẵn, bỏ qua: [SSV]_14-5-2026 - Vĩ mô _ Chiến lược thị trường_Báo cáo Vĩ mô_ Lạm phát tăng cao.pdf
-> File đã có sẵn, bỏ qua: [MBS]_14-5-2026 - Vĩ mô _ Chiến lược thị trường_Báo cáo Vĩ mô_ Tháng 05_2026 _ Lạm phát chưa có dấu hiệu hạ nhiệt.pdf

--- Đang quét Trang 42 ---
-> File đã có sẵn, bỏ qua: [VDS]_14-5-2026 - Phân tích Ngành_Báo cáo ngành Chứng khoán_ Liệu có còn động lực tăng trưởng_.pdf
-> File đã có sẵn, bỏ qua: [Vietcap]_13-5-2026 - Vĩ mô _ Chiến lược thị trường_Báo cáo Vĩ mô_ Tháng 04_2026 _ Lạm phát tăng_ thâm hụt thương mại chạm.pdf
-> File đã có sẵn, bỏ qua: [VDS]_13-5-2026 - Vĩ mô _ Chiến lược thị trường_Báo cáo Vĩ mô_ Tháng 04_2026 _ Thách thức đan xen cơ hội.pdf
-> File đã có sẵn, bỏ qua: [SHS]_13-5-2026 - Phân tích Ngành_Báo cáo ngành Ngân hàng_ Dự thảo Thông tư thay thế Thông tư 22_2019_TT_NHNN.pdf
-> File đã có sẵn, bỏ qua: [ABS]_13-5-2026 - Phân tích Ngành_Báo cáo ngành Phân bón_ KQKD Q1_2026 bùng nổ_ triển vọng cả năm tích cực.pdf
-> File đã có sẵn, bỏ qua: [ACBS]_13-5-2026 - Báo cáo Chuyên đề_Báo cáo Chuyên đề_ Dự thảo Luật đất đai sửa đổi.pdf

--- Đang quét Trang 43 ---
-> File đã có sẵn, bỏ qua: [GTJA (Vietnam) ]_13-5-2026 - Phân tích Ngành_Báo cáo ngành Ngân hàng_ Cập nhật KQKD Q1_2026 và Chính sách.pdf

--- Đang quét Trang 44 ---
-> File đã có sẵn, bỏ qua: [VNDS]_13-5-2026 - Phân tích Ngành_Báo cáo ngàng Ngân hàng_ Vững bước đi lên.pdf
-> File đã có sẵn, bỏ qua: [Vietinbank Securities]_13-5-2026 - Vĩ mô _ Chiến lược thị trường_Báo cáo Vĩ mô_ Tháng 05_2026.pdf
-> File đã có sẵn, bỏ qua: [BSC]_12-5-2026 - Vĩ mô _ Chiến lược thị trường_Báo cáo Vĩ mô_ Cập nhật thay đổi tài liệu FAQ v1_2 của FTSE.pdf

--- Đang quét Trang 45 ---
-> File đã có sẵn, bỏ qua: [TPS]_12-5-2026 - Vĩ mô _ Chiến lược thị trường_Báo cáo Vĩ mô_ Tháng 05_2026.pdf
-> File đã có sẵn, bỏ qua: [PHS]_11-5-2026 - Vĩ mô _ Chiến lược thị trường_Báo cáo Chiến lược_ Tháng 05_2026 _ Thận trọng trước bóng mây dịa chín.pdf
-> File đã có sẵn, bỏ qua: [BSC]_11-5-2026 - Báo cáo Chuyên đề_Báo cáo Chuyên đề_ Hoạt động cổ phần hóa_ thoái vốn Doanh nghiệp Nhà nước.pdf
-> File đã có sẵn, bỏ qua: [CSI]_11-5-2026 - Vĩ mô _ Chiến lược thị trường_Báo cáo Vĩ mô_ Tháng 04_2026.pdf
-> File đã có sẵn, bỏ qua: [VPX]_11-5-2026 - Báo cáo Chuyên đề_Báo cáo Chuyên đề_ Báo cáo Đầu tư Tài sản _ Tháng 04_2026.pdf

--- Đang quét Trang 46 ---
-> File đã có sẵn, bỏ qua: [ABS]_11-5-2026 - Vĩ mô _ Chiến lược thị trường_Báo cáo Chiến lược_ Tháng 05_2026 _ Triển vọng hòa bình Trung Đông hỗ.pdf
-> File đã có sẵn, bỏ qua: [DSC]_11-5-2026 - Vĩ mô _ Chiến lược thị trường_Báo cáo Vĩ mô_ Tháng 04_2026 _ Xung đột kéo dài_ Dư địa tăng trưởng th.pdf
-> File đã có sẵn, bỏ qua: [AGRISECO]_11-5-2026 - Vĩ mô _ Chiến lược thị trường_Báo cáo Vĩ mô_ Tháng 04_2026.pdf
-> File đã có sẵn, bỏ qua: [VNDS]_8-5-2026 - Vĩ mô _ Chiến lược thị trường_Báo cáo Trái phiếu _ Tiền tệ_ Lạm phát tăng mạnh thu hẹp dư địa hạ nhi.pdf
-> File đã có sẵn, bỏ qua: [VCBS]_8-5-2026 - Báo cáo Chuyên đề_Báo cáo Chuyên đề_ Hàng hóa Quý 2_2026.pdf

--- Đang quét Trang 47 ---
-> File đã có sẵn, bỏ qua: [VNDS]_8-5-2026 - Vĩ mô _ Chiến lược thị trường_Báo cáo Chiến lược_ La bàn đầu tư Tháng 05_2026 _ Nắm bắt cơ hội trước.pdf
-> File đã có sẵn, bỏ qua: [Vietstock]_8-5-2026 - Vietstock_ Nghiên cứu _ Phân tích_Technical View_ Tuần 11_15_05_2026.pdf
-> File đã có sẵn, bỏ qua: [Vietstock]_8-5-2026 - Vietstock_ Nghiên cứu _ Phân tích_Vietstock Weekly_ Tuần 11_15_05_2026.pdf
-> File đã có sẵn, bỏ qua: [VBMA]_8-5-2026 - Vĩ mô _ Chiến lược thị trường_Báo cáo Thị trường Trái phiếu_ Tháng 04_2026.pdf
-> File đã có sẵn, bỏ qua: [ACBS]_8-5-2026 - Báo cáo Chuyên đề_Báo cáo Chuyên đề_ Nâng hạng thị trường _08_05_2026_.pdf
-> File đã có sẵn, bỏ qua: [SSI]_8-5-2026 - Báo cáo Chuyên đề_Báo cáo ETF_ Dự báo thay đổi danh mục ETF kỳ Q1_2026.pdf
-> File đã có sẵn, bỏ qua: [VNDS]_7-5-2026 - Vĩ mô _ Chiến lược thị trường_Cập nhật Diễn biến Dòng tiền_ Tháng 04_2026 _ Dòng vốn toàn cầu trở lạ.pdf
-> File đã có sẵn, bỏ qua: [VCBS]_7-5-2026 - Vĩ mô _ Chiến lược thị trường_Báo cáo Vĩ mô_ Tháng 04_2026.pdf
-> File đã có sẵn, bỏ qua: [VCBS]_7-5-2026 - Vĩ mô _ Chiến lược thị trường_Báo cáo Thị trường Trái phiếu_ Tháng 04_2026.pdf
-> File đã có sẵn, bỏ qua: [ACBS]_7-5-2026 - Báo cáo Chuyên đề_Báo cáo Chuyên đề_ Dự thảo sửa đổi Thông tư 22 _ ngành Ngân hàng.pdf

--- Đang quét Trang 48 ---
-> File đã có sẵn, bỏ qua: [MAS]_7-5-2026 - Báo cáo Chuyên đề_Báo cáo Chuyên đề_ Danh mục khuyến nghị _trung _ dài hạn_ _ Tháng 05_2026.pdf

--- Đang quét Trang 49 ---
-> File đã có sẵn, bỏ qua: [TPS]_7-5-2026 - Vĩ mô _ Chiến lược thị trường_Báo cáo Chiến lược_ Tháng 05_2026 _ Thị trường bước vào giai đoạn chọn.pdf
-> File đã có sẵn, bỏ qua: [SHS]_7-5-2026 - Vĩ mô _ Chiến lược thị trường_Báo cáo Chiến lược_ Tháng 05_2026.pdf
-> File đã có sẵn, bỏ qua: [MAS]_7-5-2026 - Vĩ mô _ Chiến lược thị trường_Báo cáo Vĩ mô_ Khơi thông nguồn lực thúc đẩy tăng trưởng kinh tế.pdf
-> File đã có sẵn, bỏ qua: [OCBS]_7-5-2026 - Vĩ mô _ Chiến lược thị trường_Báo cáo Vĩ mô_ Tháng 05_2026.pdf

--- Đang quét Trang 50 ---
-> File đã có sẵn, bỏ qua: [GTJA (Vietnam) ]_6-5-2026 - Vĩ mô _ Chiến lược thị trường_Báo cáo Chiến lược_ Tháng 05_202 _ Sức nóng lan tỏa_ Bắt sóng Điện_Tiê.pdf
-> File đã có sẵn, bỏ qua: [SHS]_6-5-2026 - Vĩ mô _ Chiến lược thị trường_Báo cáo Thị trường Tiền tệ _ Trái phiếu_ Tháng 05_2026.pdf
-> File đã có sẵn, bỏ qua: [YSVN]_6-5-2026 - Vĩ mô _ Chiến lược thị trường_Báo cáo Vĩ mô_ Tháng 04_2026 _ Ổn định trong thách thức.pdf
-> File đã có sẵn, bỏ qua: [ACBS]_6-5-2026 - Vĩ mô _ Chiến lược thị trường_Báo cáo Vĩ mô_ Tháng 04_2026 _ Tín hiệu sớm của rủi ro lạm phát.pdf
-> File đã có sẵn, bỏ qua: [Vietcap]_6-5-2026 - Vĩ mô _ Chiến lược thị trường_Báo cáo Chiến lược_ Tháng 05_2026 _ VNI có thể lập mức cao mới bất chấ.pdf
-> File đã có sẵn, bỏ qua: [MBS]_6-5-2026 - Vĩ mô _ Chiến lược thị trường_Báo cáo Thị trường Tiền tệ_ Lãi suất huy động hạ nhiệt tích cực.pdf
-> File đã có sẵn, bỏ qua: [Vietcap]_6-5-2026 - Vĩ mô _ Chiến lược thị trường_Báo cáo Thị trường_ Tháng 04_2026 _ VNIndex phục hồi trong nhờ các cổ.pdf

--- Đang quét Trang 51 ---
-> File đã có sẵn, bỏ qua: [GTJA (Vietnam) ]_5-5-2026 - Phân tích Ngành_Báo cáo ngành Ô tô_ Gia hạn lực đẩy chính sách.pdf
-> File đã có sẵn, bỏ qua: [MAS]_5-5-2026 - Vĩ mô _ Chiến lược thị trường_Báo cáo Vĩ mô _ Chiến lược_ Đánh giá lạm phát tháng 4 và các kịch bản.pdf

--- Đang quét Trang 52 ---
-> File đã có sẵn, bỏ qua: [SSI]_5-5-2026 - Phân tích Ngành_Báo cáo ngành Ngân hàng_ Lộ trình chuyển tiếp Basel III trong tầm kiểm soát.pdf
-> File đã có sẵn, bỏ qua: [SSI]_5-5-2026 - Phân tích Ngành_Báo cáo ngành Ngân hàng_ Lợi nhuận tăng mạnh_ nhưng NIM và chất lượng tài sản cần ch.pdf
-> File đã có sẵn, bỏ qua: [KBSV]_4-5-2026 - Vĩ mô _ Chiến lược thị trường_Báo cáo Vĩ mô_ Cán cân thương mại tháng 4 _ Đảo chiều so với cùng kỳ.pdf
-> File đã có sẵn, bỏ qua: [KBSV]_4-5-2026 - Vĩ mô _ Chiến lược thị trường_Báo cáo Vĩ mô_ Áp lực lạm phát tăng mạnh.pdf

--- Đang quét Trang 53 ---
-> File đã có sẵn, bỏ qua: [VIS Rating]_4-5-2026 - Phân tích Ngành_Báo cáo ngành Bất động sản nhà ở_ Tín dụng thắt chặt sẽ thúc đẩy sự phân hóa của các.pdf
-> File đã có sẵn, bỏ qua: [MAS]_4-5-2026 - Vĩ mô _ Chiến lược thị trường_Báo cáo Chiến lược_ Tháng 05_2026 _ Những điểm nhấn mùa ĐHĐCĐ.pdf

--- Đang quét Trang 54 ---

--- Đang quét Trang 55 ---

🛑 Đã chạm đến mốc thời gian cũ hơn 3 tháng. Ngưng quét.

🎉 HOÀN TẤT CHIẾN DỊCH! Tổng cộng đã bế về: 98 báo cáo Vĩ mô & Ngành.
